165,분당추모공원휴 납골당,야외봉안담 5단,,"5,500,000 원"
165,분당추모공원휴 납골당,야외봉안담 1단,,"2,000,000 원"
165,분당추모공원휴 납골당,야외봉안담 2단,,"3,000,000 원"
165,분당추모공원휴 납골당,야외봉안담 3단,,"4,000,000 원"
165,분당추모공원휴 납골당,야외봉안담 4단,,"5,000,000 원"
165,분당추모공원휴 납골당,야외봉안담 6단,,"4,500,000 원"
165,분당추모공원휴 납골당,야외봉안담 7단,,"3,500,000 원"
165,분당추모공원휴 납골당,야외봉안담 8단,,"2,500,000 원"
165,분당추모공원휴 납골당,야외봉안담 9단,,"1,500,000 원"
165,분당추모공원휴 납골당,야외봉안담 1단,,"3,000,000 원"
165,분당추모공원휴 납골당,야외봉안담 2단,,"5,000,000 원"
165,분당추모공원휴 납골당,야외봉안담 3단,,"6,500,000 원"
165,분당추모공원휴 납골당,야외봉안담 4단,,"7,500,000 원"
165,분당추모공원휴 납골당,야외봉안담 5단,,"8,000,000 원"
165,분당추모공원휴 납골당,야외봉안담 6단,,"7,000,000 원"
165,분당추모공원휴 납골당,야외봉안담 7단,,"6,000,000 원"
165,분당추모공원휴 납골당,야외봉안담 8단,,"4,000,000 원"
165,분당추모공원휴 납골당,야외봉안담 9단,,"2,500,000 원"
165,분당추모공원휴 납골당,야외봉안담 1단,크리스탈 묘역(측면),"3,000,000 원"
165,분당추모공원휴 납골당,야외봉안담 2단,크리스탈 묘역(측면),"4,000,000 원"
165,분당추모공원휴 납골당,야외봉안담 3단,크리스탈 묘역(측면),"5,000,000 원"
165,분당추모공원휴 납골당,야외봉안담 4단,크리스탈 묘역(측면),"6,000,000 원"
165,분당추모공원휴 납골당,야외봉안담 5단,크리스탈 묘역(측면),"6,500,000 원"
165,분당추모공원휴 납골당,야외봉안담 6단,크리스탈 묘역(측면),"5,500,000 원"
165,분당추모공원휴 납골당,야외봉안담 7단,크리스탈 묘역(측면),"4,000,000 원"
165,분당추모공원휴 납골당,야외봉안담 8단,크리스탈 묘역(측면),"3,000,000 원"
165,분당추모공원휴 납골당,야외봉안담 9단,크리스탈 묘역(측면),"2,000,000 원"
165,분당추모공원휴 납골당,야외봉안담 1단,크리스탈 묘역(측면),"5,000,000 원"
165,분당추모공원휴 납골당,야외봉안담 2단,크리스탈 묘역(측면),"7,000,000 원"
165,분당추모공원휴 납골당,야외봉안담 3단,크리스탈 묘역(측면),"9,000,000 원"
165,분당추모공원휴 납골당,야외봉안담 4단,크리스탈 묘역(측면),"11,000,000 원"
165,분당추모공원휴 납골당,야외봉안담 5단,크리스탈 묘역(측면),"12,000,000 원"
165,분당추모공원휴 납골당,야외봉안담 6단,크리스탈 묘역(측면),"10,000,000 원"
165,분당추모공원휴 납골당,야외봉안담 7단,크리스탈 묘역(측면),"7,000,000 원"
165,분당추모공원휴 납골당,야외봉안담 8단,크리스탈 묘역(측면),"5,000,000 원"
165,분당추모공원휴 납골당,야외봉안담 9단,크리스탈 묘역(측면),"3,000,000 원"
165,분당추모공원휴 납골당,실내봉안당 1단(측면),2층 고급실,"3,000,000 원"
165,분당추모공원휴 납골당,실내봉안당 1단(정면),2층 고급실,"4,000,000 원"
165,분당추모공원휴 납골당,실내봉안당 2단(측면),2층 고급실,"4,500,000 원"
165,분당추모공원휴 납골당,실내봉안당 2단(정면),2층 고급실,"5,000,000 원"
165,분당추모공원휴 납골당,실내봉안당 3단,2층 고급실,"6,000,000 원"
165,분당추모공원휴 납골당,실내봉안당 4단(측면),2층 고급실,"7,000,000 원"
165,분당추모공원휴 납골당,실내봉안당 4단(정면),2층 고급실,"7,500,000 원"
165,분당추모공원휴 납골당,실내봉안당 5단(측면),2층 고급실,"7,500,000 원"
165,분당추모공원휴 납골당,실내봉안당 5단(정면),2층 고급실,"8,000,000 원"
165,분당추모공원휴 납골당,실내봉안당 6단(측면),2층 고급실,"7,000,000 원"
165,분당추모공원휴 납골당,실내봉안당 6단(정면),2층 고급실,"7,500,000 원"
165,분당추모공원휴 납골당,실내봉안당 7단(측면),2층 고급실,"5,500,000 원"
165,분당추모공원휴 납골당,실내봉안당 7단(정면),2층 고급실,"6,000,000 원"
165,분당추모공원휴 납골당,실내봉안당 8단(측면),2층 고급실,"3,500,000 원"
165,분당추모공원휴 납골당,실내봉안당 8단(정면),2층 고급실,"4,000,000 원"
165,분당추모공원휴 납골당,실내봉안당 9단(측면),2층 고급실,"2,000,000 원"
165,분당추모공원휴 납골당,실내봉안당 9단(정면),2층 고급실,"3,000,000 원"
165,분당추모공원휴 납골당,실내봉안당 1단,2층 고급실,"6,000,000 원"
165,분당추모공원휴 납골당,실내봉안당 2단,2층 고급실,"9,000,000 원"
165,분당추모공원휴 납골당,실내봉안당 3단,2층 고급실,"12,000,000 원"
165,분당추모공원휴 납골당,실내봉안당 4단,2층 고급실,"14,000,000 원"
165,분당추모공원휴 납골당,실내봉안당 5단,2층 고급실,"15,000,000 원"
165,분당추모공원휴 납골당,실내봉안당 6단,2층 고급실,"14,000,000 원"
165,분당추모공원휴 납골당,실내봉안당 7단,2층 고급실,"11,000,000 원"
165,분당추모공원휴 납골당,실내봉안당 8단,2층 고급실,"7,000,000 원"
165,분당추모공원휴 납골당,실내봉안당 9단,2층 고급실,"4,000,000 원"
165,분당추모공원휴 납골당,실내봉안당 1단(측면),3층 고급실,"4,000,000 원"
165,분당추모공원휴 납골당,실내봉안당 1단(정면),3층 고급실,"4,500,000 원"
165,분당추모공원휴 납골당,실내봉안당 2단(측면),3층 고급실,"5,000,000 원"
165,분당추모공원휴 납골당,실내봉안당 2단(정면),3층 고급실,"5,500,000 원"
165,분당추모공원휴 납골당,실내봉안당 3단(측면),3층 고급실,"6,500,000 원"
165,분당추모공원휴 납골당,실내봉안당 3단(정면),3층 고급실,"7,000,000 원"
165,분당추모공원휴 납골당,실내봉안당 4단(측면),3층 고급실,"8,000,000 원"
165,분당추모공원휴 납골당,실내봉안당 4단(정면),3층 고급실,"8,500,000 원"
165,분당추모공원휴 납골당,실내봉안당 5단(측면),3층 고급실,"8,500,000 원"
165,분당추모공원휴 납골당,실내봉안당 5단(정면),3층 고급실,"9,000,000 원"
165,분당추모공원휴 납골당,실내봉안당 6단(측면),3층 고급실,"7,500,000 원"
165,분당추모공원휴 납골당,실내봉안당 6단(정면),3층 고급실,"8,000,000 원"
165,분당추모공원휴 납골당,실내봉안당 7단(측면),3층 고급실,"6,000,000 원"
165,분당추모공원휴 납골당,실내봉안당 7단(정면),3층 고급실,"6,500,000 원"
165,분당추모공원휴 납골당,실내봉안당 8단(측면),3층 고급실,"4,500,000 원"
165,분당추모공원휴 납골당,실내봉안당 8단(정면),3층 고급실,"5,000,000 원"
165,분당추모공원휴 납골당,실내봉안당 9단(측면),3층 고급실,"3,000,000 원"
165,분당추모공원휴 납골당,실내봉안당 9단(정면),3층 고급실,"3,500,000 원"
165,분당추모공원휴 납골당,실내봉안당 1단,3층 고급실,"8,000,000 원"
165,분당추모공원휴 납골당,실내봉안당 2단,3층 고급실,"10,000,000 원"
165,분당추모공원휴 납골당,실내봉안당 3단,3층 고급실,"13,000,000 원"
165,분당추모공원휴 납골당,실내봉안당 4단,3층 고급실,"16,000,000 원"
165,분당추모공원휴 납골당,실내봉안당 5단,3층 고급실,"17,000,000 원"
165,분당추모공원휴 납골당,실내봉안당 6단,3층 고급실,"15,000,000 원"
165,분당추모공원휴 납골당,실내봉안당 7단,3층 고급실,"12,000,000 원"
165,분당추모공원휴 납골당,실내봉안당 8단,3층 고급실,"9,000,000 원"
165,분당추모공원휴 납골당,실내봉안당 9단,3층 고급실,"6,000,000 원"
165,분당추모공원휴 납골당,실내봉안당 1단,2층 특별실,"13,000,000 원"
165,분당추모공원휴 납골당,실내봉안당 2단,2층 특별실,"14,000,000 원"
165,분당추모공원휴 납골당,실내봉안당 3단,2층 특별실,"15,000,000 원"
165,분당추모공원휴 납골당,실내봉안당 4단,2층 특별실,"15,000,000 원"
165,분당추모공원휴 납골당,실내봉안당 5단,2층 특별실,"15,000,000 원"
165,분당추모공원휴 납골당,실내봉안당 6단,2층 특별실,"14,000,000 원"
165,분당추모공원휴 납골당,실내봉안당 1단,2층 특별실,"23,000,000 원"
165,분당추모공원휴 납골당,실내봉안당 2단,2층 특별실,"25,000,000 원"
165,분당추모공원휴 납골당,실내봉안당 3단,2층 특별실,"29,000,000 원"
165,분당추모공원휴 납골당,실내봉안당 4단,2층 특별실,"29,000,000 원"
165,분당추모공원휴 납골당,실내봉안당 5단,2층 특별실,"29,000,000 원"
165,분당추모공원휴 납골당,실내봉안당 6단,2층 특별실,"25,000,000 원"
165,분당추모공원휴 납골당,실내봉안당 1단,3층 특별실,"14,000,000 원"
165,분당추모공원휴 납골당,실내봉안당 2단,3층 특별실,"15,000,000 원"
165,분당추모공원휴 납골당,실내봉안당 3단,3층 특별실,"17,000,000 원"
165,분당추모공원휴 납골당,실내봉안당 4단,3층 특별실,"18,000,000 원"
165,분당추모공원휴 납골당,실내봉안당 5단,3층 특별실,"17,000,000 원"
165,분당추모공원휴 납골당,실내봉안당 6단,3층 특별실,"15,000,000 원"
165,분당추모공원휴 납골당,실내봉안당 1단,3층 특별실,"25,000,000 원"
165,분당추모공원휴 납골당,실내봉안당 2단,3층 특별실,"29,000,000 원"
165,분당추모공원휴 납골당,실내봉안당 3단,3층 특별실,"32,000,000 원"
165,분당추모공원휴 납골당,실내봉안당 4단,3층 특별실,"35,000,000 원"
165,분당추모공원휴 납골당,실내봉안당 5단,3층 특별실,"32,000,000 원"
165,분당추모공원휴 납골당,실내봉안당 6단,3층 특별실,"29,000,000 원"
165,분당추모공원휴 납골당,야외봉안담 관리비,1년,"40,000 원"
165,분당추모공원휴 납골당,야외봉안담 관리비,1년(안치 위수에 따라 적용),"80,000 원"
165,분당추모공원휴 납골당,실내봉안당 관리비,1년,"50,000 원"
165,분당추모공원휴 납골당,실내봉안단 관리비,1년(안치 위수에 따라 적용),"100,000 원"
165,분당추모공원휴 납골당,실내봉안당 특별실 관리비,1년,"80,000 원"
165,분당추모공원휴 납골당,실내봉안당 특별실 관리비,1년(안치 위수에 따라 적용),"160,000 원"
165,분당추모공원휴 납골당,야외봉안담 1단,크리스탈묘역(정면),"3,500,000 원"
165,분당추모공원휴 납골당,야외봉안담 2단,크리스탈묘역(정면),"4,500,000 원"
165,분당추모공원휴 납골당,야외봉안담 3단,크리스탈묘역(정면),"5,500,000 원"
165,분당추모공원휴 납골당,야외봉안담 4단,크리스탈묘역(정면),"6,500,000 원"
165,분당추모공원휴 납골당,야외봉안담 5단,크리스탈묘역(정면),"7,000,000 원"
165,분당추모공원휴 납골당,야외봉안담 6단,크리스탈묘역(정면),"6,000,000 원"
165,분당추모공원휴 납골당,야외봉안담 7단,크리스탈묘역(정면),"4,500,000 원"
165,분당추모공원휴 납골당,야외봉안담 8단,크리스탈묘역(정면),"3,500,000 원"
165,분당추모공원휴 납골당,야외봉안담 9단,크리스탈묘역(정면),"2,500,000 원"
165,분당추모공원휴 납골당,야외봉안담 1단,크리스탈묘역(정면),"6,000,000 원"
165,분당추모공원휴 납골당,야외봉안담 2단,크리스탈묘역(정면),"8,000,000 원"
165,분당추모공원휴 납골당,야외봉안담 3단,크리스탈묘역(정면),"10,000,000 원"
165,분당추모공원휴 납골당,야외봉안담 4단,크리스탈묘역(정면),"12,000,000 원"
165,분당추모공원휴 납골당,야외봉안담 5단,크리스탈묘역(정면),"13,000,000 원"
165,분당추모공원휴 납골당,야외봉안담 6단,크리스탈묘역(정면),"11,000,000 원"
165,분당추모공원휴 납골당,야외봉안담 7단,크리스탈묘역(정면),"8,000,000 원"
165,분당추모공원휴 납골당,야외봉안담 8단,크리스탈묘역(정면),"6,000,000 원"
165,분당추모공원휴 납골당,야외봉안담 9단,크리스탈묘역(정면),"4,000,000 원"
