번호,ID,이름,주소
1,park-0001,(재)낙원추모공원,경상남도 김해시 한림면 김해대로1402번길 148 (신천리)
2,park-0002,(재)실로암공원묘원,부산광역시 기장군 철마면 사등길 181 (고촌리  실로암공원묘원관리사무소)
3,park-0003,(재)삼덕공원묘원,울산광역시 울주군 삼동면 삼덕로 426
4,park-0004,재단법인울산공원묘원,울산광역시 남구 문수로217번길 34 (옥동)
5,park-0005,진주내동공원묘원,경상남도 진주시 내동면 유수길75번길 8-214 (유수리  진주내동공동묘원)
6,park-0006,신불산공원묘원,경상남도 양산시 어실로 604 (어곡동)
7,park-0007,예산군추모공원,충청남도 예산군 응봉면 예당로 1345-12 (평촌리  예산군추모공원)
8,park-0008,(재)대지공원묘원,충청북도 음성군 생극면 오신로 504-63 (신양리)
9,park-0009,재단법인선산공원묘원,경상북도 구미시 옥성면 선상동로 419 (초곡리)
10,park-0010,재단법인 솥발산공원묘원,경상남도 양산시 하북면 삼덕로 288 (답곡리)
11,park-0011,재단법인 로엠(묘지),충청남도 천안시 동남구 광덕면 광덕로 383 (신덕리)
12,park-0012,(재)화산추모공원(묘지),충청남도 예산군 대술면 대술로 574-57 (화산리)
13,park-0013,(재)서울공원묘원,경기도 용인시 처인구 이동면 백자로 41 (서리  서울공원묘원사무실)
14,park-0014,(재)자하연 일산(묘지),경기도 고양시 일산동구 지영로 36-87 (지영동)
15,park-0015,(재)이화공원묘원,경상남도 고성군 상리면 장치로 220-107 (자은리)
16,park-0016,김해공원묘원,경상남도 김해시 생림대로 93-103 (삼계동  김해공원묘원)
17,park-0017,파주하늘나라공원,경기도 파주시 탄현면 방촌로 581-75 (축현리  하늘나라공원)
18,park-0018,보령시모란공원,충청남도 보령시 성주면 만수로 693 (개화리)
19,park-0019,(재)남양공원묘원,경상북도 성주군 선남면 관용로 401-41 (오도리)
20,park-0020,목련공원묘원,강원특별자치도 철원군 서면 싸리골길 133 (자등리  목련공원)
21,park-0021,물미묘원,강원특별자치도 영월군 주천면 솔치로 240-120 (신일리)
22,park-0022,천주교안성추모공원(묘원),경기도 안성시 보개면 보삼로 319-34 (북가현리)
23,park-0023,함양하늘공원(묘지),경상남도 함양군 지곡면 함양로 2139-2 (마산리  하늘공원)
24,park-0024,(재)하늘나라공원 포천묘원,경기도 포천시 소흘읍 부흥로 212 2층 (무봉리)
25,park-0025,금릉공원묘원,경상북도 김천시 봉산면 광천4길 155-200 (광천리)
26,park-0026,(재)경춘공원묘원,강원특별자치도 춘천시 서면 노동길 181 (안보리)
27,park-0027,우성공원묘원,경기도 안성시 일죽면 화곡길 158 (화곡리  우성공원묘원)
28,park-0028,(재)화신공원묘원,전라북도 정읍시 옹동면 옹동용호길 110-76 (용호리)
29,park-0029,청파동성당 청파묘원,경기도 양주시 장흥면 호국로 8 (일영리)
30,park-0030,(재)풍산공원묘원,충청남도 천안시 동남구 병천면 풍산공원길 70 (봉항리  풍산공원묘역)
31,park-0031,청파동성당 평화묘원,경기도 파주시 탄현면 월롱산로 503-66 (금승리)
32,park-0032,(재)호정공원(묘지),전라북도 완주군 화산면 운곡로 381-64 (운곡리)
33,park-0033,(주)광림공원 동산공원묘원(묘지),강원특별자치도 춘천시 동산면 종자리로 331-50 (군자리  춘천시공설묘원)
34,park-0034,삼척시추모공원 묘지 제1단지,강원특별자치도 삼척시 강원남부로 4541 (등봉동  삼척시공원묘지)
35,park-0035,(재)동산공원묘원,경상북도 포항시 남구 동해면 동해안로 5294-90 (상정리)
36,park-0036,유달공원묘지,전라남도 무안군 삼향읍 수련길 255 (지산리)
37,park-0037,(재)지평선전북공원묘원(묘지),전라북도 김제시 금구면 선암1길 290 (선암리)
38,park-0038,(재)진달래문화재단,충청북도 충주시 앙성면 와평2길 84 (지당리)
39,park-0039,(재)석계공원묘원,경상남도 양산시 상북면 오룡길 148-45 (외석리  석계공원묘지)
40,park-0040,영락공원묘원,경상남도 김해시 주촌면 서부로1637번길 546 (덕암리)
41,park-0041,(재)자하연포천(묘지),경기도 포천시 영중면 궁들길 84 (금주리)
42,park-0042,별그리다(THE HILL),경기도 양평군 양동면 양동금곡1길 331 (삼산리  양평공원묘원)
43,park-0043,(재)경맥백합공원,경상북도 경산시 남천면 남천로 188-60 (흥산리)
44,park-0044,(재)한남공원묘원,경기도 광주시 매자리길 185-22 (매산동)
45,park-0045,충주공원묘원,충청북도 충주시 두루봉길 57 (목행동)
46,park-0046,동화경모공원(묘지),경기도 파주시 탄현면 헤이리로 98 (법흥리  동화경모공원)
47,park-0047,양양군공설묘원,강원특별자치도 양양군 양양읍 남대천로 251-121 (월리  양양군공설묘원)
48,park-0048,대정공원묘원,부산광역시 기장군 정관읍 양수길 76 (용수리  대정공원묘원관리소)
49,park-0049,천주교혜화동성당 포천묘원,경기도 포천시 소흘읍 윗용상길 68 (이동교리)
50,park-0050,광주공원묘원,경기도 광주시 매자리길 235 (매산동)
51,park-0051,영모묘원,전라북도 익산시 왕궁면 호반로 173-45 (동봉리  영모묘원납골당)
52,park-0052,칠량자연공원묘원,전라남도 강진군 칠량면 삼흥공원길 178-54 (삼흥리)
53,park-0053,(재)봉황공원묘지,전라북도 군산시 임피면 미원리 산100-1
54,park-0054,(재)우성공원묘원,경상북도 성주군 선남면 관용로 470-54 (용신리  우성공원사무소)
55,park-0055,동해시하늘정원묘지,강원도 동해시 강원남부로 4589 (단봉동)
56,park-0056,(재)용인공원(묘지),경기도 용인시 처인구 모현읍 새래로 158-33 (초부리  용인공원묘지)
57,park-0057,함안군공설추모공원,경상남도 함안군 가야읍 봉수로 609 (도항리  함안군공설추모공원)
58,park-0058,(재)경주공원묘원,경상북도 경주시 강동면 오금큰길 505 (왕신리)
59,park-0059,남한강공원묘원,경기도 여주시 가남읍 송삼로 459-35 (금곡리)
60,park-0060,(재)조양공원,경상북도 칠곡군 지천면 달방길 215 (달서리)
61,park-0061,고성군 공설묘원,강원특별자치도 고성군 죽왕면 공설묘원길 32 (가진리)
62,park-0062,초동교회공원묘원,경기도 안성시 삼죽면 음촌길 36-77 (배태리)
63,park-0063,태백공원묘원,강원도 태백시 백두대간로 844 (창죽동  태백공동묘지)
64,park-0064,진천군공설묘지,충청북도 진천군 진천읍 백곡로 1465-34 (장관리  진천군공설묘지)
65,park-0065,(재)광주구천주교공원묘원,전라남도 담양군 월산면 월광로 512 (광암리)
66,park-0066,(재)개나리추모공원,충청북도 제천시 송학면 도화로 194 (도화리)
67,park-0067,금호동성당 천보묘원(묘지),경기도 포천시 화합로 116 (동교동)
68,park-0068,전농동성당 평화묘원,경기도 포천시 화현면 영일로368번길 66 (지현리)
69,park-0069,(재)천주교평내공원묘원,경기도 남양주시 평내동 산45-1
70,park-0070,재림공원묘원,경기도 포천시 소흘읍 송우로 101-16 (송우리)
71,park-0071,(재)신세계공원묘원,대구광역시 군위군 효령면 녹동길 129-190 (장군리)
72,park-0072,영종공설묘지(신규매장불가),인천광역시 중구 운북동 132-80
73,park-0073,재단법인 춘천공원묘원,강원특별자치도 춘천시 신북읍 배후령길 154-18 (천전리)
74,park-0074,창원공원묘원(묘지),경상남도 창원시 마산합포구 진동면 공원묘원로 134 (인곡리)
75,park-0075,(재)학명묘원,경상북도 칠곡군 동명면 학명리 산81-1
76,park-0076,백란공원묘원,경기도 고양시 덕양구 내유길131번길 123 (내유동)
77,park-0077,애향묘지,제주특별자치도 제주시 노형동 산18-1
78,park-0078,신당동성당 소화묘원,경기도 남양주시 조안면 다산로 363 (능내리  천주교신당동교회)
79,park-0079,오창장미공원,충청북도 청주시 청원구 오창읍 양청3길 88 (양청리)
80,park-0080,평창군 공설묘지,강원특별자치도 평창군 방림면 서동로 1741-36 (방림리  평창공원묘지)
81,park-0081,충현동산,경기도 광주시 용샘길 115-25 (목현동)
82,park-0082,세종시공설묘지,세종특별자치시 전동면 전동로 539 (봉대리)
83,park-0083,대전추모공원 가족묘원,대전광역시 서구 상보안윗길 160 (괴곡동)
84,park-0084,매화공원묘지,충청북도 청주시 상당구 가덕면 상장인차로 460 (청용리)
85,park-0085,영동공원묘원,강원특별자치도 강릉시 강동면 율곡로 2118-45 (안인리  영동공원관리묘원사무소)
86,park-0086,(재)천주교세종로묘원,경기도 남양주시 별내동 산193-1
87,park-0087,서라벌공원묘원,경상북도 경주시 서면 갠버불길 183-119 (운대리)
88,park-0088,김해하늘공원(묘지),경상남도 김해시 생림면 생림대로928번길 10-91 (봉림리)
89,park-0089,여수시공설묘지공원,전라남도 여수시 소라면 봉두리 산190 
90,park-0090,정선하늘공원,강원특별자치도 정선군 여량면 서동로 3867-26 (남곡리  정선하늘공원)
91,park-0091,광릉 더 크레스트 묘지,경기도 포천시 내촌면 부마로 341(마명리)
92,park-0092,(재)안동추모공원(묘지),경상북도 안동시 풍산읍 본마을길 36-69 (노리)
93,park-0093,청량리성당 다볼산묘원,경기도 양주시 산북동 산73
94,park-0094,예래원(묘지),경기도 동두천시 탑신로 668 (탑동동)
95,park-0095,현대공원1묘원,경상북도 칠곡군 지천면 낙산로3길 34-22 (낙산리)
96,park-0096,전주효자공원,전라북도 전주시 완산구 콩쥐팥쥐로 1705-138 (효자동3가  전주승화원)
97,park-0097,현대공원2묘원,경상북도 칠곡군 동명면 다부거문1길 51-75 (가천리)
98,park-0098,(재)청구공원,경상북도 칠곡군 지천면 백송로 197 (백운리)
99,park-0099,천주교효천공원묘지,광주광역시 남구 임암동 산86-3
100,park-0100,천자봉공원묘원,경상남도 창원시 진해구 진해대로 1426-48 (서중동  천자봉공원묘원관리사무실)
101,park-0101,홍천군공설묘원,강원특별자치도 홍천군 홍천읍 느리울길 141-22 (하오안리)
102,park-0102,이천시대월공설공원묘지(만장),경기도 이천시 대월면 초지리 산107-1
103,park-0103,진리공설묘지,인천광역시 옹진군 덕적면 진리 산340
104,park-0104,이천시백사공설공원묘지,경기도 이천시 백사면 지읍로53번길 159 (조읍리)
105,park-0105,점봉동 공원묘지,경기도 여주시 점봉동 산11-3
106,park-0106,(재)자하연분당(묘지),경기도 광주시 대명대길 57 (능평동  판교공원묘지)
107,park-0107,하다리공설공원묘지,경기도 여주시 흥천면 하다리 78-3
108,park-0108,(재)광주대교구 여수천주교공원묘원,전라남도 여수시 소라면 봉두리 산190-6
109,park-0109,대구시립공원묘지,경상북도 칠곡군 지천면 낙산로 87 (낙산리)
110,park-0110,모도리공설묘지,인천광역시 옹진군 북도면 모도리 산41
111,park-0111,안중공설묘지,경기도 평택시 안중읍 학현리 산12-1
112,park-0112,이천시설성공설공원묘지,경기도 이천시 설성면 수산리 82-2
113,park-0113,이천시장호원공설공원묘지(만장),경기도 이천시 장호원읍 방추리 산64-7
114,park-0114,선재리공설묘지,인천광역시 옹진군 영흥면 선재로226번길 85 (선재리)
115,park-0115,이작리공설묘지,인천광역시 옹진군 자월면 대이작로42번길 90 (이작리  이작리공설묘지공원)
116,park-0116,(재)예다원 묘원,전라남도 여수시 소라면 운암길 6 (봉두리)
117,park-0117,신도리공설묘지,인천광역시 옹진군 북도면 신도리 산153-1
118,park-0118,장봉리공설묘지,인천광역시 옹진군 북도면 장봉로582번길 103 (장봉리  장봉리공설묘지공원)
119,park-0119,청양군추모공원(묘지),충청남도 청양군 화성면 신수길 142-18 (수정리)
120,park-0120,와동꽃빛공원(공설묘지),경기도 안산시 단원구 순환로 390 (와동)
121,park-0121,춘천안식공원(묘지),강원특별자치도 춘천시 동산면 종자리로 331-50 (군자리  춘천시공설묘원)
122,park-0122,청솔공원,강원특별자치도 강릉시 사천면 청솔공원길 334 (석교리  청솔공원관리사무소)
123,park-0123,화도공설묘지(만장),경기도 남양주시 화도읍 묵현리 산151
124,park-0124,수동공설묘지(만장),경기도 남양주시 수동면 운수리 400-1
125,park-0125,완주군 공설공원묘지,전라북도 완주군 봉동읍 우주로 270-68 (구암리)
126,park-0126,충주시공설묘지,충청북도 충주시 주덕읍 화곡1길 430 (화곡리)
127,park-0127,청북공설묘지,경기도 평택시 청북면 청북로 457-6 (율북리)
128,park-0128,자월리공설묘지,인천광역시 옹진군 자월면 자월리 산308
129,park-0129,내리공설묘지,인천광역시 옹진군 영흥면 내리 산258
130,park-0130,처리공원묘지,경기도 여주시 점동면 처리 산6
131,park-0131,오산시공설공원묘지,경기도 오산시 가장동 산72-2
132,park-0132,충효공원묘원,강원특별자치도 원주시 문막읍 만디길 62-58 (궁촌리)
133,park-0133,횡성군공설추모공원(묘지),강원특별자치도 횡성군 갑천면 태기로구방8길 132 (구방리)
134,park-0134,송탄공설묘지,경기도 평택시 가재동 산64-1
135,park-0135,재단법인 아너스홈(구 대성공원묘원),충청남도 계룡시 두마면 제1산단로 68 (입암리)
136,park-0136,인제종합장묘센터 하늘공원,강원특별자치도 인제군 남면 자작나무숲길 56 (남전리)
137,park-0137,대청리공설묘지,인천광역시 옹진군 대청면 대청리 산299
138,park-0138,가톨릭군위묘원,대구광역시 군위군 군위읍 용대2길 258 (용대리)
139,park-0139,(재)영락교회공원묘원,경기도 남양주시 진건읍 사릉로264번길 232 (사능리  영락동산관리실)
140,park-0140,진촌리공설묘지,인천광역시 옹진군 백령면 진촌리 산128-1
141,park-0141,현수리공원묘지,경기도 여주시 점동면 소피아그린길 62 (현수리)
142,park-0142,연평리공설묘지,인천광역시 옹진군 연평면 연평리 산10-113
143,park-0143,강릉공원묘원(묘지),강원특별자치도 강릉시 사천면 청솔공원길 400 (석교리)
144,park-0144,남부권공설묘지,충청남도 당진시 대호지면 봉선길 123 (장정리  어성정공동묘지)
145,park-0145,(재)자하연팔당(묘지),경기도 양평군 양서면 목왕로688번길 71 (목왕리)
146,park-0146,중림동성당묘원,경기도 파주시 광탄면 혜음로 818-39 (분수리  천주교중림공동묘지관리실)
147,park-0147,은광교회 묘지,경기도 파주시 조리읍 오산리 273-7
148,park-0148,양우회,인천광역시 서구 당하동  산161-1
149,park-0149,인천호남향우회,인천광역시 서구 당하동  산179-1
150,park-0150,삼성개발공원묘원(묘지),경기도 광주시 오포로 211-50 (능평동)
151,park-0151,성서공동묘지,대구광역시 달서구 달구벌대로276길 122 (장동)
152,park-0152,솔뫼공설묘지,충청남도 당진시 우강면 우강송산로 64 (송산리)
153,park-0153,석문공설묘지,충청남도 당진시 석문면 통정1길 86-38 (삼화리  공설묘지관리사)
154,park-0154,천주교용인공원묘원,경기도 용인시 처인구 모현읍 오산로 154-62 (오산리  천주교공원묘지)
155,park-0155,꽃동네 낙원묘지,충청북도 음성군 맹동면 원중로 1221 (통동리)
156,park-0156,낙원공원묘원,경기도 파주시 송화로 118 (야동동)
157,park-0157,남해추모누리 공설종합묘원,경상남도 남해군 서면 연죽로 46-77 (연죽리  남해공설종합묘원추모누리)
158,park-0158,정주동산,경기도 연천군 청산면 긴여울길 165-20 (장탄리)
159,park-0159,대호지공설묘지,충청남도 당진시 대호지면 봉선길 123 (장정리  어성정공동묘지)
160,park-0160,영락공원묘지,광주광역시 북구 영락공원로 170 (효령동)
161,park-0161,해방교회공원묘원,경기도 파주시 월롱면 도내리 산30-1
162,park-0162,동명가족묘지,경상북도 칠곡군 동명면 경북대로 456-6 (금암리)
163,park-0163,동명공동묘지,경상북도 칠곡군 동명면 학명리 산145-1
164,park-0164,양평군공설공원묘지,경기도 양평군 양평읍 중앙로111번길 54 (공흥리  쉼터공원관리사무실)
165,park-0165,순천시립공원묘지,전라남도 순천시 용수동길 920 (삼거동)
166,park-0166,용미리제1묘지,경기도 파주시 광탄면 명봉산로262번길 290 (용미리  용미1리1묘지공원안내실)
167,park-0167,용미리제2묘지,경기도 파주시 광탄면 진지로 151 (용미리  추모의집)
168,park-0168,장화리공설묘지,인천광역시 강화군 화도면 장화리 산354
169,park-0169,운경공원묘원,경기도 양주시 장흥면 호국로709번길 93-60 (울대리)
170,park-0170,장정리공설묘지,인천광역시 강화군 하점면 장정리 산188
171,park-0171,웅양공설공원묘지,경상남도 거창군 웅양면 죽림리 산108
172,park-0172,(재)원주공원묘원,강원특별자치도 원주시 귀래면 귀문로 599 (귀래리)
173,park-0173,월곳리공설묘지,인천광역시 강화군 강화읍 월곳리 산8
174,park-0174,월롱면 공설묘지,경기도 파주시 월롱면 덕은리 169-3
175,park-0175,월평공설공원묘지,경상남도 거창군 남상면 월평리 산201
176,park-0176,유치공설공원묘지,전라남도 장흥군 유치면 대리 산105-1
177,park-0177,의령군공설묘지,경상남도 의령군 정곡면 법정로 580-9 (예둔리  공설묘원)
178,park-0178,낙원공원 의정부묘원,경기도 포천시 소흘읍 무봉로 9-94 (무봉리)
179,park-0179,(재)시안 가족추모공원(매장묘),경기도 광주시 오포안로 17 (문형동)
180,park-0180,정왕공설묘지,경기도 시흥시 정왕동 산2-1
181,park-0181,장수동공설묘지(매장불가),인천광역시 남동구 장수동 산133
182,park-0182,황산병온공설묘지,전라남도 해남군 황산면 송호리 890
183,park-0183,수산동공설묘지(매장불가),인천광역시 남동구 수산동 산14
184,park-0184,인천가족공원 묘지,인천광역시 부평구 평온로 61 (부평동)
185,park-0185,전곡읍공설묘지,경기도 연천군 전곡읍 고능리 산21-1
186,park-0186,장계공설묘지,전라북도 장수군 장계면 금덕리 산74-1
187,park-0187,장흥리공설묘지,인천광역시 강화군 길상면 장흥리 산69-1
188,park-0188,인산리공설묘지,인천광역시 강화군 양도면 인산리 산225
189,park-0189,신림덕화공설묘지,전라북도 고창군 신림면 가평로 576 (덕화리)
190,park-0190,외포리공설묘지,인천광역시 강화군 내가면 외포리 산98-1
191,park-0191,양구군공설묘지,강원특별자치도 양구군 양구읍 금강산로 518-40 (하리)
192,park-0192,양택공원묘지(봉안묘),경기도 김포시 하성면 애기봉로681번길 87-30 (양택리  양택공원묘지)
193,park-0193,진달래공원묘원,충청남도 논산시 벌곡면 벌곡로 234-161 (신양리)
194,park-0194,안흥동공설묘지(만장),경기도 동두천시 안흥동 산62
195,park-0195,여산공설묘지,전라북도 익산시 여산면 가람로 515-50 (두여리  국군유공자위령공원묘지)
196,park-0196,화산연정공설묘지,전라남도 해남군 화산면 연정리 산61
197,park-0197,연천읍공설묘지,경기도 연천군 연천읍 현가리 산16-1
198,park-0198,삼계공설묘지,경상북도 영덕군 영덕읍 삼계리 산66
199,park-0199,아산주진공설묘지,전라북도 고창군 아산면 주진리 산16
200,park-0200,부산영락공원묘지,부산광역시 금정구 금정도서관로 108 (두구동  영락공원)
201,park-0201,죽변화성리공설묘지,경상북도 울진군 죽변면 성내길 116-9 (화성리  울진공설묘지관리사무소)
202,park-0202,신월공설묘지(만장),경기도 광주시 초월읍 신월리 산68
203,park-0203,주문공설묘지,인천광역시 강화군 서도면 주문도리 산33
204,park-0204,해남신안공설묘지,전라남도 해남군 해남읍 신안리 467-3
205,park-0205,오룡군립묘원(묘지),전라남도 담양군 무정면 오룡리 산29
206,park-0206,오상리공설묘지,인천광역시 강화군 내가면 오상리 산91-2
207,park-0207,구미시옥계공설묘지(만장),경상북도 구미시 옥계동 산5-1
208,park-0208,신서면공설묘지,경기도 연천군 신서면 도신리 산37-1
209,park-0209,옥천군공설묘지,충청북도 옥천군 군서면 월전리 산19-1
210,park-0210,온수리공설묘지,인천광역시 강화군 길상면 온수리 산21-16
211,park-0211,왕길공설묘지(만장),인천광역시 서구 왕길동 산120
212,park-0212,양오리공설묘지,인천광역시 강화군 송해면 양오리 산184
213,park-0213,상주시공설묘지(만장),경상북도 상주시 낙동면 신상리 산8-1
214,park-0214,왕길조성묘지,인천광역시 서구 왕길동 산116
215,park-0215,송전공설묘지,경기도 용인시 처인구 이동읍 경기동로 793 (송전리  용인시공설공원묘지)
216,park-0216,천주교부산교구 하늘공원,경상남도 양산시 상북면 공원로3길 19 (상삼리  추모관)
217,park-0217,군산시공설묘지,전라북도 군산시 임피면 서원석곡로 436-34 (보석리  승화원)
218,park-0218,광석리공설묘지,경기도 양주시 광적면 광석리 산1
219,park-0219,금광공설묘지,경기도 안성시 금광면 금광리 산29
220,park-0220,가납리공설묘지,경기도 양주시 광적면 가납리 산14
221,park-0221,재단법인금산공원묘원,대구광역시 군위군 효령면 점말길 23-55 (고곡리)
222,park-0222,구암리공설묘지,경기도 양주시 남면 구암리 산16
223,park-0223,신암리공설묘지,경기도 양주시 남면 신암리 산69
224,park-0224,신산리공설묘지,경기도 양주시 남면 신산리 산13
225,park-0225,황방리공설묘지,경기도 양주시 남면 황방리 산8
226,park-0226,한산리공설묘지,경기도 양주시 남면 한산리 220
227,park-0227,김포공원법인묘지(대곶),경기도 김포시 대곶면 상마신기로 82-58 (상마리)
228,park-0228,김포공원법인묘지(풍무),경기도 김포시 장릉로 75 (풍무동)
229,park-0229,입암리공설묘지,경기도 양주시 남면 입암리 352-11
230,park-0230,상수리공설묘지,경기도 양주시 남면 상수리 산21
231,park-0231,남상공설공원묘지,경상남도 거창군 남상면 무촌리 산253
232,park-0232,두곡리공설묘지,경기도 양주시 남면 두곡리 산44
233,park-0233,도하리공설묘지,경기도 양주시 은현면 도하리 산47
234,park-0234,하패리공설묘지,경기도 양주시 은현면 하패리 산77
235,park-0235,선암리공설묘지,경기도 양주시 은현면 선암리 산66-1
236,park-0236,용암리공설묘지,경기도 양주시 은현면 용암리 산65-1
237,park-0237,복지리 공설묘지,경기도 양주시 백석읍 복지리 산21
238,park-0238,방성리공설묘지,경기도 양주시 백석읍 방성리 산41
239,park-0239,답곡리 공설묘지,경기도 연천군 신서면 답곡리 산269
240,park-0240,군남면공설묘지,경기도 연천군 군남면 선곡리 산193
241,park-0241,우고리공설묘지,경기도 양주시 광적면 우고리 산1
242,park-0242,종로성당 나자렛묘원,경기도 파주시 광탄면 혜음로 1276-25 (신산리)
243,park-0243,회정동공설묘지,경기도 양주시 회정동 산13
244,park-0244,(재)안양공원묘원,경기도 안산시 상록구 오리골길 41 (양상동  공동묘지관리소)
245,park-0245,봉양동공설묘지,경기도 양주시 봉양동 산87
246,park-0246,가북공설공원묘지,경상남도 거창군 가북면 용암리 산125
247,park-0247,가조공설공원묘지,경상남도 거창군 가조면 일부리 산5
248,park-0248,광사동공설묘지,경기도 양주시 광사동 산137-1
249,park-0249,마전동공설묘지,경기도 양주시 마전동 산3
250,park-0250,갑향군립묘원(묘지),전라남도 담양군 대전면 추성로 468 (갑향리  갑향공원)
251,park-0251,거창공설공원묘지,경상남도 거창군 거창읍 가지리 산170
252,park-0252,어둔동공설묘지,경기도 양주시 어둔동 산102
253,park-0253,유양동공설묘지,경기도 양주시 유양동 산99
254,park-0254,고려공원법인묘지,경기도 김포시 감정동 629-21
255,park-0255,장기공설공원묘원,경상남도 고성군 동해면 장기리 산209-2
256,park-0256,고제공설공원묘지,경상남도 거창군 고제면 봉산리 1314
257,park-0257,삼하리공설묘지,경기도 양주시 장흥면 삼하리 산35
258,park-0258,삼상리공설묘지,경기도 양주시 장흥면 삼상리 산34-1
259,park-0259,관인면 제1공설묘지,경기도 포천시 관인면 사정리 산11
260,park-0260,교산1리공설묘지,인천광역시 강화군 양사면 교산리 산307
261,park-0261,비암리공설묘지,경기도 양주시 광적면 비암리 산18
262,park-0262,석우리공설묘지,경기도 양주시 광적면 광적로156번길 27-6 (석우리)
263,park-0263,구리시공설묘지,경기도 구리시 사노동 산175-20
264,park-0264,덕도리공설묘지,경기도 양주시 광적면 덕도리 산27
265,park-0265,대곡공설묘지(만장),인천광역시 서구 대곡동 산202
266,park-0266,(재)대명공원묘원,경상북도 경주시 강동면 비학로 50-126 (단구리)
267,park-0267,포내공설묘지,경기도 김포시 월곶면 포내리 산36
268,park-0268,백운공원묘원 제1묘원,부산광역시 기장군 정관읍 정관로 165 (두명리)
269,park-0269,백운공원묘원 제2묘원,부산광역시 기장군 정관읍 양수1길 17-5 (모전리  백운묘원관리소)
270,park-0270,가톨릭 범물공원묘원,대구광역시 수성구 범안로 120 (범물동)
271,park-0271,익산하늘공원묘지,전라북도 익산시 무왕로 1471-63 (석왕동  익산공원묘지)
272,park-0272,통일촌 공설묘지,경기도 파주시 군내면 백연리 산27
273,park-0273,탄현면 공설묘지,경기도 파주시 탄현면 금승리 산22
274,park-0274,부안수동공설묘지,전라북도 고창군 부안면 수동리 산51-10
275,park-0275,부안용산공설묘지,전라북도 고창군 부안면 복분자로 567-2 (용산리)
276,park-0276,북상공설공원묘지,경상남도 거창군 북상면 월성리 산150
277,park-0277,북양공설공원묘지,경기도 화성시 남양읍 북양리 산109-14
278,park-0278,안성시공설공원묘지(사곡동),경기도 안성시 안성맞춤대로 1423-19 (사곡동)
279,park-0279,사천시공설묘지,경상남도 사천시 사천읍 구암리 산15-2
280,park-0280,상리공설묘지,인천광역시 강화군 삼산면 상리 산177
281,park-0281,초원지공설묘지,경기도 김포시 대곶면 초원지리 산14
282,park-0282,상신공원묘지,경기도 화성시 향남읍 상신리 산96
283,park-0283,청주시목련공원묘지,충청북도 청주시 상당구 목련로 731 (월오동)
284,park-0284,선단동공설묘지,경기도 포천시 원동교길 259 (동교동)
285,park-0285,천주교성환공원묘지,충청남도 아산시 음봉면 연암율금로 345-58 (소동리  성환공원묘지)
286,park-0286,성석동공설묘지(만장),경기도 고양시 일산동구 성석동 973-23
287,park-0287,성주군공설묘지,경상북도 성주군 선남면 관화리 산31-1
288,park-0288,미법리공설묘지,인천광역시 강화군 삼산면 미법리 산12
289,park-0289,문형공설묘지(만장),경기도 광주시 문형동 산65
290,park-0290,대전공원묘원,세종특별자치시 장군면 정동길 31-30 (금암리  대전공원묘원)
291,park-0291,화현면공설묘지,경기도 포천시 화현면 지현리 산24
292,park-0292,화천공원묘원,강원특별자치도 화천군 하남면 원천리 9-13
293,park-0293,화교화원,경기도 파주시 광탄면 샘말길 102 (용미리)
294,park-0294,영암군덕진공설묘지,전라남도 영암군 덕진면 영보리 산24
295,park-0295,덕포리공설묘지,인천광역시 강화군 화도면 덕포리 산83
296,park-0296,도림동공설묘지(매장불가),인천광역시 남동구 도림동 산33
297,park-0297,동산리공설묘지,인천광역시 강화군 교동면 동산리 산5
298,park-0298,(재)평화공원,충청남도 금산군 복수면 복수로 1015-81 (신대리)
299,park-0299,하일리공설묘지,인천광역시 강화군 양도면 하일리 산21
300,park-0300,장흥공설공원묘지,전라남도 장흥군 장흥읍 금산신기길 131 (금산리  공원묘지관리실)
301,park-0301,무궁화공원묘원,경기도 양평군 서종면 잠실2길 120 (도장리)
302,park-0302,망월묘지공원,광주광역시 북구 민주로 285 (운정동)
303,park-0303,하늘공원(부곡동공설공원묘지),경기도 안산시 상록구 수인로 1824 (부곡동)
304,park-0304,모란공원(묘지),경기도 남양주시 화도읍 경춘로2110번길 8-102 (월산리)
305,park-0305,소흘읍제3공설묘지,경기도 포천시 소흘읍 고모리 산 99번지
306,park-0306,소흘읍제2공설묘지,경기도 포천시 소흘읍 무림리 산41번지
307,park-0307,천부교추모공원,경상북도 경주시 양남면 효동리 1779
308,park-0308,내촌면 제2공설묘지,경기도 포천시 내촌면 진목리 산292
309,park-0309,일동면 공설묘지,경기도 포천시 일동면 사직리 산141
310,park-0310,내유동공설묘지(만장),경기도 고양시 덕양구 내유동  산82
311,park-0311,천주교 대구대교구청 성직자묘지,대구광역시 중구 남산로4길 112 (남산동  신관)
312,park-0312,신북면 제4공설묘지,경기도 포천시 신북면 고일리 산83
313,park-0313,영북면 제1공설묘지,경기도 포천시 영북면 운천리 산25
314,park-0314,영중면 제2공설묘지,경기도 포천시 영중면 거사리 산151
315,park-0315,영중면 제1공설묘지,경기도 포천시 영중면 금주리 산180
316,park-0316,내촌면 제4공설묘지,경기도 포천시 내촌면 신팔리 산167
317,park-0317,내촌면 제3공설묘지,경기도 포천시 내촌면 마명리 산38
318,park-0318,군내면 제2공설묘지,경기도 포천시 군내면 구읍리 131-14
319,park-0319,군내면 제1공설묘지,경기도 포천시 군내면 구읍리 산2-1
320,park-0320,내리공설묘지(화도면),인천광역시 강화군 화도면 안골길 27-40 (내리)
321,park-0321,신북면 제6공설묘지,경기도 포천시 신북면 삼정리 산179
322,park-0322,신북면 제5공설묘지,경기도 포천시 신북면 삼정리 산181
323,park-0323,신북면 제3공설묘지,경기도 포천시 신북면 삼성당리 산83
324,park-0324,신북면 제2공설묘지,경기도 포천시 신북면 갈월리 산222
325,park-0325,창수면 제3공설묘지,경기도 포천시 창수면 가양리 산208
326,park-0326,창수면 제2공설묘지,경기도 포천시 창수면 주원리 산128
327,park-0327,창수면 제1공설묘지,경기도 포천시 창수면 추동리 산20
328,park-0328,영북면 제2공설묘지,경기도 포천시 영북면 자일리 산7
329,park-0329,관인면 제2공설묘지,경기도 포천시 관인면 냉정리 산149-1
330,park-0330,가산면 제4공설묘지,경기도 포천시 가산면 우금리 산6-1
331,park-0331,운연동공설묘지(매장불가),인천광역시 남동구 운연동 산45  산89
332,park-0332,가산면 제3공설묘지,경기도 포천시 가산면 금현리 740
333,park-0333,가산면 제2공설묘지,경기도 포천시 가산면 가산리 산72
334,park-0334,가산면 제1공설묘지,경기도 포천시 가산면 감암리 산12
335,park-0335,이동공설묘지(만장),경기도 의왕시 이동 산57
336,park-0336,학의동공설묘지(만장),경기도 의왕시 학의동 산14
337,park-0337,후방산 공설묘지,전라북도 진안군 진안읍 중앙로 67 (군하리  진안군청)
338,park-0338,천도교 무봉공원,경기도 포천시 소흘읍 무봉리 산141-1  
339,park-0339,천주교 양산동묘원,광주광역시 북구 양산동  산87-6
340,park-0340,표선면공설묘지,제주특별자치도 서귀포시 표선면 서성일로189번길 313 (성읍리)
341,park-0341,하늘의문(마전동),인천광역시 서구 마전동 산164
342,park-0342,안양시청계공설묘지(만장),경기도 의왕시 청계동 산8-5
343,park-0343,정읍시입암묘지공원,전라북도 정읍시 입암면 연월리 산159
344,park-0344,청평면공설묘지,경기도 가평군 가평읍 상색리 산64-3
345,park-0345,창리공설묘지,인천광역시 강화군 선원면 창리 산84
346,park-0346,조천읍공설묘지,제주특별자치도 제주시 조천읍 선흘리 4116
347,park-0347,초지리공설묘지,인천광역시 강화군 길상면 초지리 산20
348,park-0348,충해공원묘지,경상남도 거제시 연초면 천곡리 산71
349,park-0349,합성동공설묘지,경상남도 창원시 마산회원구 합성동 산61-4
350,park-0350,지석리공설묘지,인천광역시 강화군 교동면 지석리 산155
351,park-0351,하도리공설묘지,인천광역시 강화군 송해면 하도리 산13
352,park-0352,하늘의문(당하동),인천광역시 서구 당하동 산152
353,park-0353,임실군공설묘지,전라북도 임실군 성수면 월평리 산193
354,park-0354,혜화동성당 도봉동묘원,서울특별시 도봉구 도봉동 산66-9
355,park-0355,도장리공설묘지,인천광역시 강화군 양도면 도장리 산121
356,park-0356,동강면공설묘지,전라남도 나주시 동강면 월양리 15-11
357,park-0357,동검리공설묘지,인천광역시 강화군 길상면 동검리 산122
358,park-0358,두운리공동묘지,인천광역시 강화군 불은면 두운리 산243
359,park-0359,말도공설묘지,인천광역시 강화군 서도면 말도리 산21
360,park-0360,망우역사문화공원,서울특별시 중랑구 망우로91길 2 (망우동  중랑망우공간)
361,park-0361,망월리공설묘지,인천광역시 강화군 하점면 망월리 산 44
362,park-0362,매음리공설묘지,인천광역시 강화군 삼산면 매음리 산296
363,park-0363,문평면공설묘지,전라남도 나주시 문평면 북동리 산119-3
364,park-0364,반남면공설묘지,전라남도 나주시 반남면 흥덕리 302-33
365,park-0365,벽제리묘지,경기도 고양시 덕양구 보광로 193-2 (벽제동)
366,park-0366,보성공설묘지,전라남도 보성군 보성읍 대야리 1644-1
367,park-0367,볼음공설묘지,인천광역시 강화군 서도면 볼음도리 산82
368,park-0368,봉소리공설묘지,인천광역시 강화군 교동면 봉소리 180-1
369,park-0369,봉황면공설묘지,전라남도 나주시 봉황면 철천리 산132
370,park-0370,부근리공설묘지,인천광역시 강화군 하점면 부근리 산148
371,park-0371,부활동산종교재단법인,전라남도 나주시 봉황면 송현리 산74-2
372,park-0372,북면공설묘지,경기도 가평군 북면 제령리 산78-3
373,park-0373,북성리공설묘지,인천광역시 강화군 양사면 북성리 산179
374,park-0374,사기리공설묘지,인천광역시 강화군 화도면 사기리 산116
375,park-0375,산포면공설묘지,전라남도 나주시 산포면 신도리 산24-1
376,park-0376,삼거리공설묘지,인천광역시 강화군 하점면 삼거리 산256
377,park-0377,덕하2리공설묘지,인천광역시 강화군 양사면 덕하리 산352
378,park-0378,덕하1리공설묘지,인천광역시 강화군 양사면 덕하리 산304
379,park-0379,가평읍 공설묘지(구 제1공설묘지),경기도 가평군 가평읍 상색리 산64-3
380,park-0380,고능리공동묘지,인천광역시 강화군 불은면 고능리 172
381,park-0381,고천리공설묘지,인천광역시 강화군 내가면 고천리 산11
382,park-0382,공산면공설묘지,전라남도 나주시 공산면 금곡리 317-3
383,park-0383,교산리공설묘지(별립산),인천광역시 강화군 양사면 교산리 산355-1
384,park-0384,구례군공설묘지,전라남도 구례군 마산면 사도리 산34
385,park-0385,구좌읍공설묘지,제주특별자치도 제주시 구좌읍 송당리 54-1
386,park-0386,국화리공설묘지,인천광역시 강화군 강화읍 국화리 산291
387,park-0387,금남동공설묘지,전라남도 나주시 보산동 산3
388,park-0388,길정리공설묘지,인천광역시 강화군 양도면 길정리 산228-1
389,park-0389,길직1리공설묘지,인천광역시 강화군 길상면 길직리 산247
390,park-0390,길직2리공설묘지,인천광역시 강화군 길상면 길직리 1164-2
391,park-0391,천주교나주성당공원묘지,전라남도 나주시 청동 산81-1
392,park-0392,남산리공설묘지,인천광역시 강화군 강화읍 남산리 산50
393,park-0393,남원읍공설묘지,제주특별자치도 서귀포시 남원읍 서성로 955-24 (수망리  공동장례식장)
394,park-0394,남평읍공설묘지,전라남도 나주시 남평읍 교원리 산10-1
395,park-0395,내곡리묘지,경기도 남양주시 진접읍 내곡리 558-3
396,park-0396,넙성리공동묘지,인천광역시 강화군 불은면 넙성리 산5
397,park-0397,다도면공설묘지,전라남도 나주시 다도면 풍산리 산26
398,park-0398,다시면공설묘지,전라남도 나주시 다시면 회진리 산35
399,park-0399,당산리공설묘지,인천광역시 강화군 송해면 당산리 산58
400,park-0400,대정읍공설묘지,제주특별자치도 서귀포시 대정읍 보성리 2135
401,park-0401,덕성리공동묘지,인천광역시 강화군 불은면 덕성리 737-8
402,park-0402,삼동암공동묘지,인천광역시 강화군 불은면 삼동암리 산217
403,park-0403,성산읍공설묘지,제주특별자치도 서귀포시 성산읍 금백조로 548 (수산리)
404,park-0404,성북동공설묘지,전라남도 나주시 대호동 산161
405,park-0405,의정부시공설묘지,경기도 양주시 광적면 석우리 산19
406,park-0406,영산동공설묘지,전라남도 나주시 평산동 산65-4
407,park-0407,세지면공설묘지,전라남도 나주시 세지면 대산리 산108
408,park-0408,우도면공설묘지,제주특별자치도 제주시 우도면 연평리 394
409,park-0409,송월교회(묘지),인천광역시 서구 마전동 산72-1
410,park-0410,숭뢰리공설묘지,인천광역시 강화군 송해면 숭뢰리 산63
411,park-0411,용담망향의공설묘지,전라북도 진안군 용담면 송풍리 산101-1
412,park-0412,신삼리공설묘지,인천광역시 강화군 하점면 신삼리 산107
413,park-0413,신정리공설묘지,인천광역시 강화군 선원면 신정리 산63
414,park-0414,왕곡면공설묘지,전라남도 나주시 왕곡면 덕산리 산74
415,park-0415,신현리공동묘지,인천광역시 강화군 불은면 신현리 산59
416,park-0416,아차공설묘지,인천광역시 강화군 서도면 아차도리 산13
417,park-0417,완도군추모공원,전라남도 완도군 군외면 청해진서로 1702 (삼두리)
418,park-0418,안덕면공설묘지,제주특별자치도 서귀포시 안덕면 상창리 1119
419,park-0419,애월읍공설묘지,제주특별자치도 제주시 애월읍 광령리 산157
420,park-0420,어승생공설묘지,제주특별자치도 제주시 연동 2488-1
421,park-0421,영강동공설묘지,전라남도 나주시 안창동 97
422,park-0422,설악면공설묘지,경기도 가평군 설악면 선촌리 산50
423,park-0423,이창동공설묘지,전라남도 나주시 이창동 산19-1
424,park-0424,삼성리공동묘지,인천광역시 강화군 불은면 삼성리 산77-2
425,park-0425,삼흥리공설묘지,인천광역시 강화군 양도면 삼흥리 산171
426,park-0426,상면공설묘지,경기도 가평군 상면 연하리 산88-6
427,park-0427,상용리공설묘지,인천광역시 강화군 교동면 상용리 산215
428,park-0428,색달동공설묘지,제주특별자치도 서귀포시 색달동 산2-1
429,park-0429,서검리공설묘지,인천광역시 강화군 삼산면 서검리 산50
430,park-0430,서부공설묘지,제주특별자치도 제주시 연동 1203
431,park-0431,서산시희망공원(묘지),충청남도 서산시 인지면 무학재2길 106 (산동리)
432,park-0432,석모리공설묘지,인천광역시 강화군 삼산면 석모리 산308
433,park-0433,석포리공설묘지,인천광역시 강화군 삼산면 석포리 산83
434,park-0434,인화리공설묘지,인천광역시 강화군 양사면 인화리 산336
435,park-0435,선두리공설묘지,인천광역시 강화군 길상면 선두리 산204
436,park-0436,예수장로회 제주교회묘지,제주특별자치도 제주시 구좌읍 세화리 2453-2
437,park-0437,경산공원묘원,경상북도 경산시 남천면 남성현로 1011-208 (하도리)
438,park-0438,조천장로교회묘지,제주특별자치도 제주시 조천읍 와산리 462
439,park-0439,갑산공원묘원,경기도 양평군 양서면 건지미길 5 (양수리  갑산공원묘원)
440,park-0440,(재)분당메모리얼파크,경기도 성남시 분당구 새나리로 79 (야탑동)
441,park-0441,(재)대한예수교장로회 기독교공동묘원,제주특별자치도 제주시 아라일동 296
442,park-0442,(재)전주공원묘원,전라북도 진안군 부귀면 모래재로 571 (세동리  모래공원)
443,park-0443,정자공원묘원,경기도 용인시 수지구 대지로 313 (죽전동)
444,park-0444,인천기독교장로회묘지,인천광역시 서구 당하동 산178-2
445,park-0445,금천면공설묘지(폐쇄),전라남도 나주시 금천면 오강리 산33
446,park-0446,조수천주교묘지,제주특별자치도 제주시 한경면 조수리 4041
447,park-0447,(재)하늘공원 묘원,전라북도 무주군 적상면 방이리 산158-1
448,park-0448,(재)금곡장미공원,경상북도 경산시 남천면 금곡길 28-75 (금곡리)
449,park-0449,제주향교묘지,제주특별자치도 제주시 동샘길 44-14 (영평동)
450,park-0450,삼성공원묘원,경기도 양주시 평화로1261번길 328-50 (산북동)
451,park-0451,대구중부교회묘지,대구광역시 북구 관음동 산74-1
452,park-0452,상전망향의공설묘지,전라북도 진안군 상전면 갈현리 367
453,park-0453,천아오름공원묘지,제주특별자치도 제주시 한림읍 광산로 11-50 (상대리)
454,park-0454,천주교제주교구묘지,제주특별자치도 제주시 기와5길 117-22 (화북이동)
455,park-0455,혜화동성당 방학동묘원,서울특별시 도봉구 방학동 산65-1
456,park-0456,포항공원묘원,경상북도 포항시 북구 흥해읍 도음로 764-100 (대련리  포항공원묘원관리사무실)
457,park-0457,천주교용호동공원묘지,부산광역시 남구 용호동 산232
458,park-0458,모슬포 천주교공동묘지,제주특별자치도 서귀포시 대정읍 동일리 1249-4
459,park-0459,모슬포교회 공동묘지,제주특별자치도 서귀포시 대정읍 동일리 1277
460,park-0460,천주교산내공원묘원,대전광역시 동구 삼괴동 산9-1
461,park-0461,천주교 창원공원묘원,경상남도 창원시 진해구 경화동 산1-2
462,park-0462,천주교가덕공원묘지,충청북도 청주시 상당구 가덕면 시동리 산15
463,park-0463,신동아교회묘지,제주특별자치도 제주시 해안동 195
464,park-0464,신세계공원,경기도 양주시 장흥면 권율로29번길 170 (일영리)
465,park-0465,삼덕교회동산,대구광역시 달성군 가창면 옥분리 산35-3
466,park-0466,인천지구황해도민묘지,인천광역시 서구 마전동 산197-1
467,park-0467,대구화교협회묘지,대구광역시 달성군 가창면 주리 산212-4
468,park-0468,대구공원,경상북도 경산시 남천면 하도리 산185
469,park-0469,길음동성당 묘원,경기도 양주시 장흥면 호국로785번길 18-96 (울대리)
470,park-0470,충주천주교회 성요셉공원묘원,충청북도 충주시 단월동 산33-1
471,park-0471,노안면공설묘지(폐쇄),전라남도 나주시 노안면 유곡리 산163
472,park-0472,삼각지성당 하늘묘원,경기도 파주시 조리읍 정문로 126-101 (뇌조리  천주교삼각지교회묘지관리실)
473,park-0473,산곡동공설묘지,경기도 의정부시 산곡동  산74
474,park-0474,서울노회유지재단 법인묘지,경기도 가평군 상면 물골길 393 (봉수리  남부교회수양관)
475,park-0475,삼척시추모공원 묘지 제2단지,강원특별자치도 삼척시 강원남부로 4540 (등봉동)
476,park-0476,보령시마을단위공원묘지,충청남도 보령시 웅천읍 수부리 산33-1
477,park-0477,가평추모공원(구 제2공설묘지),경기도 가평군 가평읍 읍내리 산125
478,park-0478,자일동공설묘지,경기도 의정부시 호국로1694번길 30-70 (자일동)
479,park-0479,(재)성산공원(묘지),전라북도 군산시 성산면 왕골로 239-29 (대명리  성산공원)
480,park-0480,(재)천주교유지재단 청주교구묘원,충청북도 증평군 증평읍 미암리 산114-1
481,park-0481,김포성당 매괴의모후 묘원,경기도 김포시 북변로 29-12 (북변동)
482,park-0482,돈암동성당 광탄추모공원,경기도 파주시 광탄면 장지산로368번길 109 (분수리  천주교서울대교구돈암동교회추모공원)
483,park-0483,칠곡성당공동묘원,대구광역시 북구 읍내동 산83
484,park-0484,대구중앙교회 부활의동산,대구광역시 북구 읍내동 산58
485,park-0485,대구칠곡교회묘지,대구광역시 북구 국우동 산84
486,park-0486,상효동공설묘지,제주특별자치도 서귀포시 상효동 1927
487,park-0487,광대리 공원묘지,경기도 여주시 세종대왕면 광대리 198-18
488,park-0488,광양시립영세공원 묘지,전라남도 광양시 광양읍 직동1길 300 (죽림리)
489,park-0489,구룡공설공원묘지,경상남도 함양군 함양읍 구룡리 산11
490,park-0490,서소문교회동산,경기도 파주시 조리읍 오산리 산5
491,park-0491,천주교 김천공원묘지,경상북도 김천시 개령면 황계길 280-41 (황계리)
492,park-0492,영암군군서공설묘지,전라남도 영암군 군서면 동구림리 산42
493,park-0493,영암군금정공설묘지,전라남도 영암군 금정면 용흥리 산227
494,park-0494,영암군시종공설묘지,전라남도 영암군 시종면 월송리 산1
495,park-0495,영암군신북공설묘지,전라남도 영암군 신북면 월평리 산35
496,park-0496,영암군학산공설묘지,전라남도 영암군 학산면 상월리 산139-13
497,park-0497,안양시안산공설묘지(만장),경기도 안산시 단원구 화정동 산116-1
498,park-0498,용산성당 청계묘원,경기도 의왕시 학의동 산12-1
499,park-0499,구미시선산공설묘지(만장),경상북도 구미시 선산읍 봉곡리 산41
500,park-0500,홍성군공원묘지,충청남도 홍성군 갈산면 부기리 3
501,park-0501,대야리공설묘지,강원특별자치도 영월군 김삿갓면 대야리 산56
502,park-0502,청암교회(청암동산),경기 파주시 조리읍 뇌조리 568-5
503,park-0503,신현교회 묘지,경기도 파주시 탄현면 축현리 산53-1
504,park-0504,오식도공설묘지(민간위탁),전라북도 군산시 오식도동 503-2
505,park-0505,최자실기도원 공원묘지,경기도 파주시 조리읍 오산리 산86
506,park-0506,불광동성당 바다의별묘원,경기도 파주시 광탄면 신산리 산3-1
507,park-0507,신광교회 묘지,경기도 파주시 파주읍 백석리 산40-9
508,park-0508,(재)동산공원묘원 묘지,경상남도 의령군 부림면 함의로 2180-269 (경산리)
509,park-0509,정토사 극락원,울산광역시 남구 문수로217번길 15 (옥동  정토사)
510,park-0510,분당추모공원휴,경기도 광주시 오포읍 오포로 211-49 (능평리)
511,park-0511,해인사 고불암무량수전,경상남도 거창군 가북면 용암리 2184
512,park-0512,재단법인 일산장안추모공원,경기도 고양시 일산동구 백마로502번길 64-13 (풍동)
513,park-0513,대한불교관음회조계종 백천사 봉안당,경상남도 사천시 백천길 326-2 (백천동  백천사)
514,park-0514,(재)성산공원 추모관,전라북도 군산시 성산면 왕골로 239-29 (대명리  성산공원)
515,park-0515,에덴추모공원,경기도 남양주시 화도읍 수레로964번길 113-13 (차산리)
516,park-0516,팔공산도림사추모공원,대구광역시 동구 인산로 264 (진인동)
517,park-0517,파주추모공원 봉안당,경기도 파주시 파주읍 약수골길 67 (연풍리)
518,park-0518,(재)유명추모공원,충청남도 홍성군 금마면 금마로516번길 64-22 (봉서리)
519,park-0519,양평추모공원 더포레,경기도 양평군 청운면 벗고갯길 45-20 (가현리)
520,park-0520,수불사추모공원,경기도 연천군 청산면 전영로215번길 153-16  수불사추모공원 
521,park-0521,(재)용인추모원,경기도 용인시 기흥구 중부대로 972 (상하동  재단법인용인추모원)
522,park-0522,연천동막골추모관,경기도 연천군 연천읍 동막로 109-29 (동막리)
523,park-0523,대덕스카이캐슬 추모관,전라남도 담양군 대덕면 문학리 산 105
524,park-0524,마라나타하늘정원,경기도 가평군 가평읍 호반로 2424-22 (달전리  오륜비전빌리지)
525,park-0525,천국의계단추모관(재단법인천국),전라남도 무안군 일로읍 죽사동길 179-126 (지장리  천국의계단추모관)
526,park-0526,그린피아추모공원,전라북도 전주시 완산구 쑥고개옛길 51 (삼천동3가)
527,park-0527,중앙추모공원(재단법인 현) 봉안시설,경기도 연천군 미산면 마유로 58-42 (백석리)
528,park-0528,유일추모공원,경기도 고양시 덕양구 통일로 582 (대자동)
529,park-0529,(재)시안 가족추모공원(봉안),경기도 광주시 오포안로 17 (문형동)
530,park-0530,무궁화추모공원,충청남도 논산시 벌곡면 황룡재로553번길 148-71 (양산리)
531,park-0531,모악추모공원,전라북도 전주시 완산구 우림로 714 (용복동)
532,park-0532,도성사 봉안당,경기도 포천시 화현면 화동로596번길 90 (화현리)
533,park-0533,크리스찬메모리얼파크,경기도 파주시 조리읍 홀작로 164 (오산리)
534,park-0534,신불산추모공원 납골당,경상남도 양산시 어실로 602-1 (어곡동)
535,park-0535,청련사 극락원,경기도 양주시 장흥면 권율로 169 (석현리)
536,park-0536,서남권추모공원 봉안당,전라북도 정읍시 감곡면 정읍북로 1850 (통석리)
537,park-0537,재단법인조안공원양주지사,경기도 양주시 평화로1261번길 372-146 (산북동)
538,park-0538,약사사지장전추모관,인천광역시 남동구 풀무로 48 (간석동)
539,park-0539,(재)법화세계추모관,경상북도 경주시 내남면 내외로 1130-16 (노곡리)
540,park-0540,유토피아추모공원(헤리티지관),경기도 안성시 일죽면 화곡길 126 (화곡리)
541,park-0541,영모묘원,전라북도 익산시 왕궁면 호반로 173-45 (동봉리  영모묘원납골당)
542,park-0542,부산추모공원 봉안당,부산광역시 기장군 정관읍 정관로 225 (두명리  부산추모공원)
543,park-0543,메모리얼펠리스추모관(실로암),부산광역시 기장군 철마면 사등길 181 (고촌리  실로암공원묘원관리사무소)
544,park-0544,목포추모관 휴,전라남도 목포시 고하대로 1140-41 (대양동)
545,park-0545,(재)평화공원 파라다이스 추모관,충청남도 금산군 복수면 앞재길 21-48 (신대리)
546,park-0546,유토피아추모관,경기도 안성시 일죽면 화곡길 130 (화곡리  유토피아추모관)
547,park-0547,(재)자하연 일산(봉안),경기도 고양시 일산동구 지영로 36-87 (지영동)
548,park-0548,천주교 비봉추모관,경기도 화성시 비봉면 화성로1946번길 26-11 (쌍학리)
549,park-0549,천주교 서울대교구 평화묘원 봉안묘,경기도 포천시 화현면 영일로368번길 66 (지현리)
550,park-0550,생극추모공원,충청북도 음성군 생극면 일생로 497-27 (관성리)
551,park-0551,하늘소망추모관,충청남도 당진시 송악읍 조비실길 43-26 (영천리)
552,park-0552,대한불교조계종 삼봉사 봉안당,경상남도 밀양시 삼랑진읍 단장로 379-8 (우곡리)
553,park-0553,천주교안성추모공원(봉안),경기도 안성시 보개면 보삼로 319-34 (북가현리)
554,park-0554,아산메모리얼파크 휴온 봉안당,충청남도 아산시 송악면 외암로 55-15 (거산리)
555,park-0555,청통추모관,경상북도 영천시 청통면 구정길 53-56 (죽정리)
556,park-0556,예래원(봉안시설),경기도 동두천시 탑신로 668 (탑동동)
557,park-0557,재단법인 로엠(봉안시설),충청남도 천안시 동남구 광덕면 광덕로 383 (신덕리)
558,park-0558,(재)효원가족공원,경기도 화성시 향남읍 서봉로755번길 17-15 (동오리)
559,park-0559,극락사추모공원,대구광역시 남구 명덕로54길 31 (이천동  서봉극락암)
560,park-0560,(재)분당메모리얼파크,경기도 성남시 분당구 새나리로 79 (야탑동)
561,park-0561,금릉공원묘원,경상북도 김천시 봉산면 광천4길 155-200 (광천리)
562,park-0562,(주)광림공원 동산공원묘원(봉안),강원특별자치도 춘천시 동산면 종자리로 331-50 (군자리  춘천시공설묘원)
563,park-0563,한국불교태고종 극락사 안양원,제주특별자치도 제주시 애월읍 중산간서로 6322 (상귀리)
564,park-0564,재단법인 에덴낙원,경기도 이천시 마장면 서이천로 449-82 (목리)
565,park-0565,분당스카이캐슬추모공원,경기도 광주시 머루숯길 61-33 (신현동  분당스카이캐슬추모공원)
566,park-0566,녹야원추모관,대전광역시 유성구 현충원로 389-20 (구암동)
567,park-0567,(재)한국SGI이천평화공원,경기도 이천시 마장면 서이천로528번길 115 (목리)
568,park-0568,상상추모공원,전라남도 함평군 함평읍 함장로 933-43 (수호리)
569,park-0569,양주추모공원,경기도 양주시 율정로 42-22 (옥정동)
570,park-0570,(재)한국SGI청도평화공원,경상북도 청도군 금천면 석현길 96-7 (소천리)
571,park-0571,약사사 하늘재추모원 ,경상북도 문경시 문경읍 관음2길 89 (관음리)
572,park-0572,천주교 금상동성당 하늘자리,전라북도 전주시 덕진구 전진로 107-13 (금상동)
573,park-0573,보령시모란공원 봉안당,충청남도 보령시 성주면 만수로 695-14 (개화리  모란공원사무실)
574,park-0574,(재)영호공원,경상북도 경주시 건천읍 단석로 1803-94 (송선리)
575,park-0575,대원사 봉안당,경기도 안성시 공도읍 마정개나리길 16-15 (마정리  대원사)
576,park-0576,자임추모공원,전라북도 전주시 완산구 콩쥐팥쥐로 1705-108 (효자동3가  대복전)
577,park-0577,삼우추모공원,경상남도 거제시 장목면 거제북로 919 (장목리)
578,park-0578,예진추모관,경기도 양평군 양서면 건지미길 75 (양수리  노적사)
579,park-0579,(재)호정공원(봉안),전라북도 완주군 화산면 운곡로 381-64 (운곡리)
580,park-0580,용미리건물식추모의집,경기도 파주시 광탄면 진지로 151 (용미리  추모의집)
581,park-0581,화엄사,부산광역시 동구 구봉중길 48-10 (초량동)
582,park-0582,(재)밀양추모공원묘원,경상남도 밀양시 무안면 창밀로 2890-150 (운정리)
583,park-0583,다보정사 안미원,경기도 포천시 창수면 옥수로262번길 98 (주원리)
584,park-0584,서울시립승화원 추모의집,경기도 고양시 덕양구 통일로 504 (대자동)
585,park-0585,보현정사,전라남도 목포시 삼학로 346-1 (용해동)
586,park-0586,용미리왕릉벽식추모의집,경기도 파주시 광탄면 명봉산로262번길 290 (용미리  용미1리1묘지공원안내실)
587,park-0587,용미리분묘형추모의집,경기도 파주시 광탄면 명봉산로262번길 290 (용미리  용미1리1묘지공원안내실)
588,park-0588,용미리벽식추모의집,경기도 파주시 광탄면 명봉산로262번길 290 (용미리  용미1리1묘지공원안내실)
589,park-0589,(재)서호추모공원,경기도 평택시 청북읍 고렴길 161-12 (고렴리)
590,park-0590,천주교안동교구 봉안경당,경상북도 예천군 지보면 지풍로 983-41 (암천리  농은수련관)
591,park-0591,보장사 영각당,경기도 안양시 만안구 예술공원로131번길 11 (석수동)
592,park-0592,(재)화산추모공원(봉안),충청남도 예산군 대술면 대술로 574-57 (화산리)
593,park-0593,예원추모관,경기도 고양시 덕양구 통일로 502-1 (대자동)
594,park-0594,재단법인 세심사하늘공원,전라남도 구례군 구례읍 섬진강로 348-33 (계산리  하늘공원)
595,park-0595,천주교용인공원묘원(봉안),경기도 용인시 처인구 모현면 오산로 154-62 (오산리  천주교공원묘지)
596,park-0596,홍성추모공원봉안당,충남 홍성군 금마면 금마로516번길 85
597,park-0597,청풍추모공원,충청북도 제천시 금성면 신담길 46 (월굴리)
598,park-0598,전통사찰95호 동도사,경기도 용인시 처인구 이동읍 어진로 842  동도사 (어비리)
599,park-0599,동천교회 납골묘,경기도 이천시 설성면 설성로240번길 285 (장천리)
600,park-0600,대국사,경상북도 청도군 금천면 소천길 68 (사전리  대국사)
601,park-0601,상월사 봉안당,경기도 안성시 양성면 천덕산로 919 (동항리)
602,park-0602,대한불교조계종관음사,서울특별시 관악구 승방1길 109-80 (남현동)
603,park-0603,석예정사,경기도 의왕시 안골로 44-3 (고천동)
604,park-0604,(재)경춘공원묘원,강원특별자치도 춘천시 서면 노동길 181 (안보리)
605,park-0605,남한강공원묘원,경기도 여주시 가남읍 송삼로 459-35 (금곡리)
606,park-0606,양산 석굴암 극락전 추모관,경상남도 양산시 호계길 96-71 (호계동  석굴암)
607,park-0607,수암사 영혼의쉼터,경상남도 의령군 의령읍 수암로 267 (하리)
608,park-0608,(사)민족불교해동조계종 해동사,전라남도 완도군 약산면 약산일주로 673 (해동리)
609,park-0609,천주교하늘공원 봉안당,경상남도 양산시 상북면 공원로3길 19 (상삼리  추모관)
610,park-0610,추모공원 하늘문,경기도 고양시 덕양구 보광로106번길 46 (벽제동)
611,park-0611,은하수공원 달님의집(봉안당),세종특별자치시 정안세종로 1527 (산울동  은하수공원)
612,park-0612,속초시추모의집,강원특별자치도 속초시 이목로 196 (노학동)
613,park-0613,예산군추모의집 제1관,충청남도 예산군 응봉면 예당로 1345-12 (평촌리  예산군추모공원)
614,park-0614,일산푸른솔추모공원,경기도 고양시 일산동구 성현로 426-32 (문봉동)
615,park-0615,양구봉안공원 봉안당,강원특별자치도 양구군 양구읍 금강산로 518-40 (하리)
616,park-0616,(재)지평선전북공원묘원(봉안),전라북도 김제시 금구면 선암1길 290 (선암리)
617,park-0617,봉안당에데나(낙원추모공원),경상남도 김해시 한림면 김해대로1402번길 148 (신천리)
618,park-0618,별그리다(THE WALL),경기도 양평군 양동면 양동금곡1길 331 (삼산리)
619,park-0619,흥륜사정토원,인천광역시 연수구 청량로70번길 40-18 흥륜사 정토원 (동춘동)
620,park-0620,(주)청아공원,경기도 고양시 일산동구 은마길 129 (설문동  청아공원)
621,park-0621,(재)영봉추모공원,경상북도 영주시 이산면 봉화로 140-42 (신암리)
622,park-0622,강촌추모원,강원특별자치도 춘천시 남산면 강촌길 31-29 (강촌리)
623,park-0623,서대산추모공원 봉안당,충청남도 금산군 추부면 서대동기길 100 (서대리)
624,park-0624,재단법인 효천추모공원,경상북도 청도군 매전면 중앙로 84-500 (송원리)
625,park-0625,학천사추모관,전라남도 화순군 화순읍 덕음로 940-27 (삼천리  학천사)
626,park-0626,양지공원 제1추모의집,제주특별자치도 제주시 516로 2810-31 (영평동  양지공원)
627,park-0627,양지공원 제2추모의집,제주특별자치도 제주시 516로 2810-31 (영평동  양지공원)
628,park-0628,봉안당 홈,경기도 성남시 분당구 판교로 808 (야탑동)
629,park-0629,(재)안동추모공원(봉안당),경상북도 안동시 풍산읍 본마을길 36-69 (노리)
630,park-0630,(재)서현추모공원,경기도 파주시 광탄면 명봉산로 277 (용미리)
631,park-0631,(재)여주세종추모공원 봉안당,경기도 여주시 흥천면 샘다리길 105 (흥천면  상대리  27-6) 
632,park-0632,영평사 추모공원,세종특별자치시   장군면 영평사길 124 (산학리  영평사)
633,park-0633,월봉사연화원,경기도 이천시 호법면 덕평로497번길 260 (매곡리)
634,park-0634,대한불교염불선종운수사사홍선원,경상남도 양산시 원동면 원동로 1168-61 (서룡리)
635,park-0635,김천추모공원,경상북도 김천시 농공단지길 20-26 (신음동)
636,park-0636,(재)용인공원(아너스톤),경기도 용인시 처인구 모현읍 새래로 158-33 (초부리  용인공원묘지)
637,park-0637,아름다운추모원,강원특별자치도 춘천시 옛경춘로 387-24 (칠전동)
638,park-0638,용화사 봉안당,전라북도 부안군 행안면 미륵골길 43 (역리  용화사)
639,park-0639,효자추모관,전라북도 전주시 완산구 콩쥐팥쥐로 1705-31 (효자동3가  효자추모관)
640,park-0640,쌍용사 봉안당,경상북도 문경시 농암면 칠봉로 755 (율수리  쌍용사)
641,park-0641,오향중흥교회 봉안당,경기도 광주시 곤지암읍 가마을길 83-19 (오향리)
642,park-0642,대한불교정음사원,충청북도 청주시 서원구 3순환로644번길 33 (죽림동  대한불교정음사원)
643,park-0643,대원사추모공원 봉안당,경상북도 경주시 양남면 명주길 864-5 (효동리  대원사)
644,park-0644,충주시 천상원,충청북도 충주시 목벌길 256 (목벌동)
645,park-0645,약천사,경기도 용인시 처인구 양지면 양지로63번길 9-18 (양지리  약천사)
646,park-0646,구미시공설숭조당 제2관,경상북도 구미시 옥성면 선상동로 419-1 (초곡리)
647,park-0647,하남시 마루공원(봉안시설),경기도 하남시 하남대로545번길 22-30 (천현동)
648,park-0648,예수사랑제일교회,인천광역시 강화군 하점면 창후로 90-35 (창후리  예수사랑제일교회)
649,park-0649,용주사 봉안당,경상북도 경주시 서면 하늘마루길 328 (도리)
650,park-0650,화성함백산추모공원(별빛쉼터),경기도 화성시 매송면 서해로 2448-32 (숙곡리)
651,park-0651,감로복지원 진주추모공원,경상남도 진주시 대평면 원당길158번길 6 (당촌리)
652,park-0652,재단법인 통일로추모공원,경기도 파주시 조리읍 명봉산로114번길 84 (장곡리  통일로추모공원)
653,park-0653,창원공원묘원 봉안시설,경상남도 창원시 마산합포구 진동면 공원묘원로 134 (인곡리)
654,park-0654,생극납골공원,충청북도 음성군 생극면 일생로 497-27 (관성리)
655,park-0655,효심추모관,경상남도 밀양시 삼랑진읍 삼랑진로 605 (미전리)
656,park-0656,재단법인청림공원(봉안탑),경기도 남양주시 진건읍 사릉로156번길 295 (송능리  봉인사)
657,park-0657,성모암영락원,전라북도 김제시 만경읍 화포3길 54-9 (화포리)
658,park-0658,금오영당,경상남도 하동군 진교면 달구지길 95-5 (술상리)
659,park-0659,해인사미타원,경기도 고양시 덕양구 대양로 84-80 (대자동)
660,park-0660,강화파라다이스 강화지점,인천광역시 강화군 송해면 강화대로 879-16 (하도리)
661,park-0661,천등산 봉안영묘전,충청북도 충주시 산척면 천등박달로 771 (송강리)
662,park-0662,(재)용인공원(봉안담·묘),경기도 용인시 처인구 모현면 새래로 158-33 (초부리  용인공원묘지)
663,park-0663,약천추모공원,경기도 평택시 도일로 164-118 (도일동)
664,park-0664,만인산 만인사 봉안당,충청남도 금산군 복수면 다복로 525-35 (용진리  만인사)
665,park-0665,부산영락공원 봉안당,부산광역시 금정구 금정도서관로 108 (두구동)
666,park-0666,대한불교조계종 해운봉안당,대전광역시 유성구 북유성대로 487번길 130 (안산동)
667,park-0667,여주추모공원 봉안담,경기도 여주시 가남읍 여주남로 769 (본두리)
668,park-0668,전주추모관,전라북도 전주시 완산구 콩쥐팥쥐로 1705-152 (효자동3가)
669,park-0669,안동하늘공원,경상북도 안동시 임하면 고곡길 327 (고곡리  안동하늘공원)
670,park-0670,금산군공설봉안당,충청남도 금산군 복수면 복수로 1015-71 (신대리)
671,park-0671,재단법인청림공원(봉안당),경기도 남양주시 진건읍 사릉로156번길 295 (송능리  봉인사)
672,park-0672,벽제중앙추모공원,경기도 고양시 덕양구 통일로414번길 196 (대자동)
673,park-0673,오산시립쉼터공원,경기도 오산시 가장산업동로 69-21 (가장동)
674,park-0674,제천시영원한쉼터봉안당,충청북도 제천시 송학면 포전리 373번지 외
675,park-0675,대전추모공원 영락원,대전광역시 서구 상보안윗길 160 (괴곡동)
676,park-0676,무지개추모공원 봉안당(다래원),충청북도 음성군 생극면 오신로445번길 77 (신양리)
677,park-0677,진천군 추모의집,충청북도 진천군 진천읍 백곡로 1465-34 (장관리  진천군공설묘지)
678,park-0678,홍천군공설묘원,강원특별자치도 홍천군 홍천읍 느리울길 141-22 (하오안리)
679,park-0679,관음사추모관,전라남도 담양군 담양읍 깊은실길 35 (학동리)
680,park-0680,가톨릭군위묘원,대구광역시 군위군 군위읍 용대2길 258 (용대리)
681,park-0681,천안노블랜드하늘공원 봉안당,충청남도 천안시 서북구 입장면 시장리2길 77 (시장리)
682,park-0682,연화추모공원,경기도 고양시 덕양구 성령길 2-1 (대자동)
683,park-0683,(재)자하연팔당(봉안),경기도 양평군 양서면 목왕로688번길 71 (목왕리)
684,park-0684,정선하늘원,강원특별자치도 정선군 여량면 서동로 3867-26 (남곡리  정선하늘공원)
685,park-0685,강남구추모의집,충청북도 음성군 금왕읍 덕금로 936-61 (용계리)
686,park-0686,용산성당 베다니아의집,서울특별시 용산구 효창원로15길 37 (산천동  용산천주교회)
687,park-0687,영광군 공설추모공원 봉안당,전라남도 영광군 군남면 광암로 174
688,park-0688,갑곶순교성지 천국의 문,인천광역시 강화군 강화읍 해안동로1366번길 35 (갑곳리  갑곶순교성지)
689,park-0689,천주교 광주교구 담양공원묘원,전라남도 담양군 월산면 월광로 512 (광암리)
690,park-0690,광명메모리얼파크,경기도 광명시 자경로 153 (일직동)
691,park-0691,공주나래원 봉안당,충청남도 공주시 이인면 삼배실길 70 (운암리  나래원)
692,park-0692,불광사 추모관,대구광역시 남구 명덕로32길 40 (대명동)
693,park-0693,창원시립상복공원 제1봉안당,경상남도 창원시 성산구 공단로474번길 160 (상복동  창원시립상복공원)
694,park-0694,새로나추모관,광주광역시 북구 동운로52번길 118 (동림동  (재)새로나추모관)
695,park-0695,(재)자하연포천(봉안),경기도 포천시 영중면 궁들길 84 (금주리)
696,park-0696,서대문구추모의집,충청북도 음성군 금왕읍 덕금로 936-61 (용계리)
697,park-0697,삼광사추모공원 봉안당,경상북도 성주군 월항면 지산로 208 (지방리  삼광사)
698,park-0698,재단법인북한강공원,경기도 남양주시 화도읍 모꼬지로17번길 202 (구암리  북한강공원)
699,park-0699,사천시누리원(봉안시설),경상남도 사천시 해안관광로 208-66 (송포동  사천공설화장장)
700,park-0700,대한불교조계종 대관음사 봉안당,대구광역시 남구 중앙대로 126  한국불교대학 대관음사 (봉덕동)
701,park-0701,영평사 봉안당,경기도 안성시 보개면 신장길 79-42 (신장리)
702,park-0702,계룡시 정명각,충청남도 계룡시 두마면 제1산단로 132 (입암리)
703,park-0703,천주사 영탑공원,경상북도 문경시 동로면 천주사길 108 (간송리  천주사)
704,park-0704,함안군공설봉안당,경상남도 함안군 군북면 하림2길 181-78 (하림리  마애사)
705,park-0705,삼척시추모공원 봉안당,강원특별자치도 삼척시 강원남부로 4541 (등봉동  삼척시공원묘지)
706,park-0706,삼성개발공원묘원(봉안),경기도 광주시 오포로 211-50 (능평동)
707,park-0707,용인평온의숲(평온마루 봉안당),경기도 용인시 처인구 이동면 평온의숲로 77 (어비리  용인평온의숲)
708,park-0708,논산시양지추모원,충청남도 논산시 양촌면 중산길 165-11 (중산리)
709,park-0709,울진군립추모원(봉안시설),경상북도 울진군 울진읍 대흥신림로 1046-261 (신림리)
710,park-0710,봉원사,서울특별시 서대문구 봉원사길 120 (봉원동  봉원사)
711,park-0711,구룡공설공원묘지,경상남도 함양군 함양읍 구룡리 산11
712,park-0712,광천사 봉안당,경상남도 양산시 하북면 백록로 116 (백록리)
713,park-0713,보현사 납골공원,충청북도 진천군 초평면 초평로 1001 (화산리  보현사)
714,park-0714,용광사,경상남도 창원시 마산합포구 진북면 진북산업로 780 (정현리  용광사)
715,park-0715,만월사,경상남도 창원시 마산합포구 구산면 수정2길 53-400 (수정리)
716,park-0716,김포시추모공원(봉안담),경기도 김포시 통진읍 애기봉로571번길 165 (귀전리83-4)
717,park-0717,구미시공설숭조당 제1관,경상북도 구미시 옥성면 선상동로 419 (초곡리)
718,park-0718,청운사 봉안당,경기도 여주시 흥천면 부흥로 698 (귀백리  청운사)
719,park-0719,하늘공원(부곡동공설공원묘지),경기도 안산시 상록구 수인로 1824 (부곡동)
720,park-0720,가톨릭군위묘원,대구광역시 군위군 군위읍 용대2길 258 (용대리)
721,park-0721,목포추모공원 추모의집,전라남도 목포시 고하대로 1140-41 (대양동)
722,park-0722,완도군추모공원,전라남도 완도군 군외면 청해진서로 1702 (삼두리)
723,park-0723,정수사,부산광역시 연제구 톳고개로 60 (연산동)
724,park-0724,영광사불지원,경상남도 진주시 명석면 진주대로 1764-31 (우수리  영광사)
725,park-0725,아산시공설봉안당,충청남도 아산시 송악면 외암로 30-30 (거산리)
726,park-0726,(재)미타불교원,경기도 광주시 용샘길 101 (목현동)
727,park-0727,(재)만어추모공원 봉안당,경상남도 밀양시 삼랑진읍 단장로 439 (우곡리)
728,park-0728,상락향 극락전,경기도 가평군 청평면 남이터길 65 (대성리  상락향수도원)
729,park-0729,울산하늘공원 추모의집,울산광역시 울주군 삼동면 보삼길 550 (조일리)
730,park-0730,흑석동성당 평화의쉼터,서울특별시 동작구 흑석로13길 3 (흑석동  흑석동천주교회)
731,park-0731,하늘원추모관,강원특별자치도 원주시 흥업면 사제로 539 (사제리  하늘원장례예식장)
732,park-0732,나주납골당,전라남도 나주시 내영산1길 12-3 (삼영동  내영사)
733,park-0733,이천시립 추모의집(봉안),경기도 이천시 백사면 지읍로53번길 159 (조읍리)
734,park-0734,창원시립마산영생원,경상남도 창원시 마산합포구 진동면 공원묘원로 136-106 (인곡리  영생원)
735,park-0735,청솔공원,강원특별자치도 강릉시 사천면 청솔공원길 334 (석교리  청솔공원관리사무소)
736,park-0736,광양시립영세공원 봉안당,전라남도 광양시 광양읍 직동1길 300 (죽림리)
737,park-0737,동대문구추모의집,충청북도 음성군 금왕읍 덕금로 936-61 (용계리)
738,park-0738,금화추모관,전라북도 순창군 순창읍 담순로 951-67 (백산리)
739,park-0739,의왕하늘쉼터(봉안담),경기도 의왕시 오매기백운산길 41-57 (오전동)
740,park-0740,속초시공설봉안묘,강원특별자치도 속초시 이목로 196 (노학동)
741,park-0741,전주효자공원,전라북도 전주시 완산구 콩쥐팥쥐로 1705-138 (효자동3가  전주승화원)
742,park-0742,창원시립진해천자원,경상남도 창원시 진해구 진해대로 1426-51 (제덕동)
743,park-0743,경신하늘뜰공원 봉안당,경기도 양주시 남면 화합로430번길 98(경신리  경신하늘뜰공원)
744,park-0744,세종시추모의집,세종특별자치시 전동면 전동로 538 (봉대리)
745,park-0745,태백시납골당,강원도 태백시 백두대간로 844 (창죽동  태백공동묘지)
746,park-0746,대한불교관음종불문사,전라남도 화순군 도곡면 고인돌1로 282-65 (효산리  불문사)
747,park-0747,평택시립추모공원,경기도 평택시 청북읍 청북로 457-6 (율북리)
748,park-0748,화성시추모공원 봉안당,경기도 화성시 비봉면 주석로 545 (청요리  화성시추모공원)
749,park-0749,성남장례문화사업소 하늘누리 제1추모원,경기도 성남시 중원구 순암로 787 (갈현동  장례문화사업소)
750,park-0750,성남장례문화사업소 하늘누리 제2추모원,경기도 성남시 중원구 순암로 787 (갈현동  장례문화사업소)
751,park-0751,천안추모공원 봉안당,충청남도 천안시 동남구 광덕면 밤나무골길 38 (원덕리)
752,park-0752,경주하늘마루봉안당,경상북도 경주시 서면 하늘마루길 330 (도리)
753,park-0753,옥천군봉안당 선화원,충청북도 옥천군 군서면 성왕로 982 (월전리)
754,park-0754,남원시승화당,전라북도 남원시 솔터길 40-36 (광치동  승화원)
755,park-0755,서산시 희망공원(봉안시설),충청남도 서산시 인지면 무학재2길 106 (산동리)
756,park-0756,고성군추모의집,강원도 고성군 죽왕면 공설묘원길 47 (가진리  추모의집)
757,park-0757,법지사,경상남도 창원시 마산합포구 구산면 유산군령로 105 (유산리)
758,park-0758,무주추모의집(봉안),전라북도 무주군 무주읍 괴목로 1359-72 (당산리)
759,park-0759,수원시연화장 추모의집,경기도 수원시 영통구 광교호수로 278 (하동  수원시연화장)
760,park-0760,남해추모누리 안락원,경상남도 남해군 서면 연죽로 46-77 (연죽리  남해공설종합묘원추모누리)
761,park-0761,양양군공설묘원 봉안당,강원특별자치도 양양군 양양읍 남대천로 251-123 (월리)
762,park-0762,여수시영락공원 제1봉안당,전라남도 여수시 소라면 의곡길 494 (봉두리  영락공원)
763,park-0763,무지개 뜨는 언덕,경기도 김포시 김포한강4로 419-39 (마산동  무지개뜨는언덕)
764,park-0764,(재)평화원,전라북도 김제시 공덕면 대산2길 47-22 (공덕리)
765,park-0765,정각사 봉안당,서울특별시 서초구 과천대로 786 (방배동  정각사)
766,park-0766,재단법인 미륵불교 봉안당,전라북도 부안군 상서면 저기양산길 16-3 (가오리)
767,park-0767,덕원사 추모관,울산광역시 중구 성동길 129-10 (성안동)
768,park-0768,풍주선원 봉안탑,충청북도 청주시 상당구 명암로98번길 116 (명암동  풍주사)
769,park-0769,쌍용사 봉안탑,경상북도 문경시 농암면 칠봉로 755 (율수리  쌍용사)
770,park-0770,고성군공설봉안당,경상남도 고성군 상리면 장치로 220-163 (자은리)
771,park-0771,고창군추모의집,전라북도 고창군 부안면 복분자로 559 (용산리  고창군추모의집)
772,park-0772,통영시공설봉안당,경상남도 통영시 장대길 144 (정량동)
773,park-0773,동탄납골추모관,경기도 화성시 동탄기흥로 64-42 (송동  법왕청)
774,park-0774,대한불교조계종 신흥사,전라남도 완도군 완도읍 청해진남로 101-1 (군내리  신흥사)
775,park-0775,선약사,경상남도 함안군 산인면 싸리재로 34-2 (운곡리)
776,park-0776,순천시립추모공원 제1·2봉안당,전라남도 순천시 양율길 132 (야흥동)
777,park-0777,청양군추모공원(봉안당),충청남도 청양군 화성면 신수길 142-18 (수정리)
778,park-0778,지장정사 연화대,충청남도 논산시 노성면 화곡안길 103 (화곡리  지장정사 템플스테이 연화대 법륜종재단)
779,park-0779,서귀포추모공원,제주특별자치도 서귀포시 돈내코로 295-28 (상효동  공설봉안당)
780,park-0780,(재)자하연분당(묘지),경기도 광주시 대명대길 57 (능평동  판교공원묘지)
781,park-0781,광주영락공원 제2추모관,광주광역시 북구 영락공원로 171 (효령동  영락공원)
782,park-0782,존제산 일월사 설법전,전라남도 보성군 율어면 유신길 195 (유신리)
783,park-0783,(재)영호추모공원,충청남도 부여군 세도면 해촌로63번길 43-9 (수고리)
784,park-0784,광주영락공원 제1추모관,광주광역시 북구 영락공원로 170 (효령동  영락공원)
785,park-0785,창녕추모공원,경상남도 창녕군 창녕읍 탐하로 203 (술정리  창녕군추모공원)
786,park-0786,여수시영락공원 제2봉안당,전라남도 여수시 소라면 의곡길 494 (봉두리  영락공원)
787,park-0787,안흥동공설묘지(봉안시설),경기도 동두천시 안흥동 산62
788,park-0788,거제시추모의집,경상남도 거제시 사등면 지석로 219-38 (지석리)
789,park-0789,일월사추모공원(봉안당),강원특별자치도 춘천시 남산면 봉의텃골길 149-10 (행촌리)
790,park-0790,천주교산내공원묘원 봉안담,대전광역시 동구 삼괴동 274-6
791,park-0791,(재)청구공원 봉안당,경상북도 칠곡군 지천면 백송로 258 (백운리  청구공원)
792,park-0792,상락향 봉안탑,경기도 가평군 청평면 남이터길 65 (대성리  상락향수도원)
793,park-0793,춘천안식공원(안식의집),강원특별자치도 춘천시 동산면 종자리로 331-50 (군자리  춘천시공설묘원)
794,park-0794,인천가족공원 평온당,인천광역시 부평구 평온로 61 (부평동)
795,park-0795,(재)신세계공원묘원,대구광역시 군위군 효령면 녹동길 129-190 (장군리)
796,park-0796,가조공설공원묘지,경상남도 거창군 가조면 일부리 산5
797,park-0797,성북구추모의집,경기도 화성시 향남읍 서봉로755번길 17-15 (동오리)
798,park-0798,경남영묘원,경상남도 김해시 상동면 소락로 23 (묵방리  신어공원추모관)
799,park-0799,진주안락공원 추모당,경상남도 진주시 진산로 141-42 (장재동  진주시안락공원)
800,park-0800,예은추모공원,충청북도 음성군 금왕읍 덕금로 936-61 (용계리)
801,park-0801,(재)조양공원,경상북도 칠곡군 지천면 달방길 215 (달서리)
802,park-0802,이담추모관,경기도 동두천시 탑신로 562 (탑동동)
803,park-0803,청주백화추모관,충청북도 청주시 상당구 명암로 103 (명암동)
804,park-0804,성림사 연화납골당(봉안당),충청북도 진천군 덕산읍 인화길 83 (산수리  성림사)
805,park-0805,종로구추모의집,경기도 화성시 향남읍 서봉로755번길 17-15(동오리)
806,park-0806,오룡군립묘원(봉안),전라남도 담양군 무정면 오룡리 산29
807,park-0807,하늘내린 휴공원(개인단),강원특별자치도 인제군 남면 자작나무숲길 444-62 (남전리)
808,park-0808,인천가족공원 만월당,인천광역시 부평구 평온로 61 (부평동)
809,park-0809,가평군공설봉안묘,경기도 가평군 북면 이곡리 산7
810,park-0810,용학사 봉안당,경기도 이천시 모가면 진상미로1067번길 271 (송곡리  용학사)
811,park-0811,의령군공설납골묘,경상남도 의령군 정곡면 법정로 580-9 (예둔리  공설묘원)
812,park-0812,서천군영명각,충청남도 서천군 판교면 심동리 산 73-1번지
813,park-0813,휴마루,강원특별자치도 원주시 흥업면 복술길 33 (사제리  원주추모공원하늘나래원)
814,park-0814,봉은사 봉안당,충청북도 충주시 소태면 주치길 135-45 (오량리  봉은사)
815,park-0815,(재)대전교구천주교회 성환공원묘원 봉안당,충청남도 아산시 음봉면 연암율금로 345-58 (소동리  성환공원묘지)
816,park-0816,장미원,충청북도 청주시 청원구 오창읍 양청3길 88 (양청리)
817,park-0817,에덴추모원,전라남도 목포시 용당로384번길 34 (용해동)
818,park-0818,달마사봉안당,서울특별시 동작구 서달로 50-26 (흑석동  달마사)
819,park-0819,청주시목련원목련당,충청북도 청주시 상당구 목련로 731 (월오동)
820,park-0820,평창군 공설봉안당,강원특별자치도 평창군 방림면 서동로 1741-36 (방림리  평창공원묘지)
821,park-0821,하늘의문(천주교 신곡2동성당),경기도 의정부시 금신로296번길 61 (신곡동)
822,park-0822,횡성군공설추모공원 추모관,강원특별자치도 횡성군 갑천면 태기로구방8길 132 (구방리)
823,park-0823,대한불교 조계종 보륜사 봉안당,충청북도 옥천군 군북면 감로길 55 (증약리)
824,park-0824,하늘내린 보금자리(가족8위),강원특별자치도 인제군 남면 자작나무숲길 444-62 (남전리)
825,park-0825,완주군 추모의집,전라북도 완주군 봉동읍 우주로 270-68 (구암리)
826,park-0826,울릉하늘섬공원,경상북도 울릉군 서면 태하령길 314 (남서리)
827,park-0827,춘천안식공원(봉안묘),강원특별자치도 춘천시 동산면 종자리로 331-50 (군자리  춘천시공설묘원)
828,park-0828,대한불교조계종 천룡사납골당,울산광역시 울주군 웅촌면 웅촌로 720-5 (대복리)
829,park-0829,동해시하늘정원봉안당,강원특별자치도 동해시 강원남부로 4589 (단봉동  동해시하늘정원)
830,park-0830,갑향군립묘원(봉안),전라남도 담양군 대전면 추성로 468 (갑향리  갑향공원)
831,park-0831,천주교평화의문,경기도 파주시 탄현면 성동로 111 (성동리)
832,park-0832,합천군공설봉안담,경상남도 합천군 율곡면 제내리 산45
833,park-0833,매화원,충청북도 청주시 상당구 가덕면 상장인차로 460 (청용리)
834,park-0834,대한불교선각종 정향사,전라남도 보성군 득량면 분지길 25-65 (송곡리)
835,park-0835,탑동추모공원,경기도 동두천시 천보산로359번길 22 (탑동동)
836,park-0836,합천추모공원 봉안당 ,경상남도 합천군 합천읍 합천호수로 1633 (합천리)
837,park-0837,봉선사 봉안당,경기도 남양주시 진접읍 봉선사길 30 (부평리  봉선사)
838,park-0838,광릉 더 크레스트 봉안묘,경기도 포천시 내촌면 부마로 341 (마명리)
839,park-0839,칠곡군공설봉안당,경상북도 칠곡군 지천면 낙산로1길 127-33 (낙산리)
840,park-0840,하늘내린 휴공원(부부단),강원특별자치도 인제군 남면 자작나무숲길 444-62 (남전리)
841,park-0841,인천가족공원 금마총,인천광역시 부평구 평온로 61 (부평동)
842,park-0842,김해추모의집 제1·2봉안당,경상남도 김해시 주촌면 서부로1637번길 574 (덕암리)
843,park-0843,인천가족공원 추모의집,인천광역시 부평구 평온로 61 (부평동)
844,park-0844,거창공설공원묘지 봉안당,경상남도 거창군 거창읍 거열로4길 523-23 (가지리)
845,park-0845,(재)평화공원 가족봉안묘,충청남도 금산군 복수면 신대리 193  194-1
846,park-0846,증평군 추모의집 ,충청북도 음성군 금왕읍 덕금로 936-61  예은추모공원 내 (용계리)
847,park-0847,새문안추모관,경기도 파주시 광탄면 보광로 389 (영장리)
848,park-0848,하늘문 봉안당,경기도 안성시 양성면 미리내성지로 386-27 (미산리  미리내실버타운)
849,park-0849,안성시추모공원(봉안담),경기도 안성시 미양면 보촌4길 70 (고지리)
850,park-0850,산청군공설묘지 본향원,경상남도 산청군 신등면 신등가회로 357-17 (가술리  본향원)
851,park-0851,인천가족공원 별빛당,인천광역시 부평구 평온로 61 (부평동)
852,park-0852,꽃동네 정진석센타(봉안당),충청북도 음성군 맹동면 원중로 1221 (통동리)
853,park-0853,성아우구스띠노수도회 봉안시설,경기도 연천군 왕징면 왕산로 722 (동중리)
854,park-0854,대호지공설묘지 봉안묘(개인·가족·평장),충청남도 당진시 대호지면 봉선길 123 (장정리  어성정공동묘지)
855,park-0855,강동구추모의집,충청북도 음성군 금왕읍 덕금로 936-61 (용계리)
856,park-0856,석문공설묘지,충청남도 당진시 석문면 통정1길 86-38 (삼화리  공설묘지관리사)
857,park-0857,오봉사 봉안당,경기도 연천군 연천읍 현문로245번길 384 (고문리)
858,park-0858,대정읍봉안당(만장),제주특별자치도 서귀포시 대정읍 일주서로2498번길 133-45 (보성리)
859,park-0859,대호지공설묘지 어성정,충청남도 당진시 대호지면 봉선길 123 (장정리  어성정공동묘지)
860,park-0860,성산읍공설봉안당,제주특별자치도 서귀포시 성산읍 금백조로 548 (수산리)
861,park-0861,솔뫼공설묘지,충청남도 당진시 우강면 우강송산로 64 (송산리)
862,park-0862,솔뫼공설묘지,충청남도 당진시 우강면 우강송산로 64 (송산리)
863,park-0863,모란공원(봉안),경기도 남양주시 화도읍 경춘로2110번길 8-102 (월산리)
864,park-0864,청솔공원 봉안묘,강원특별자치도 강릉시 사천면 석교리 산162
865,park-0865,노들하늘공원(동작구추모의집),경기도 화성시 향남읍 서봉로755번길 17-15(동오리)
866,park-0866,군산시추모관,전북 군산시 서원석곡로 436-34 (승화원)
867,park-0867,표선면봉안당,제주특별자치도 서귀포시 표선면 서성일로 189번길 313 (성읍리)
868,park-0868,태안군 영묘전,충청남도 태안군 남면 저드래길 116-304 (당암리  태안군공설영묘)
869,park-0869,금호동성당 천보묘원(봉안),경기도 포천시 화합로 116 (동교동)
870,park-0870,익산시 추모의집 제2관,전라북도 익산시 무왕로 1471-63 (석왕동  익산공원묘지)
871,park-0871,원흥사 납골탑,경기도 동두천시 광암로17번길 163-75 (광암동)
872,park-0872,도봉구추모의집,경기도 화성시 향남읍 서봉로755번길 17-15(동오리)
873,park-0873,광진구추모의집,경기도 화성시 향남읍 서봉로755번길 17-15(동오리)
874,park-0874,성동구추모의집,경기도 화성시 향남읍 서봉로755번길 17-15(동오리)
875,park-0875,중구추모의집,경기도 화성시 향남읍 서봉로755번길 17-15(동오리)
876,park-0876,상락원 지장영묘전,경기도 파주시 송화로 136 (야동동  한국불교상락원)
877,park-0877,대구광역시 낙산제2추모의집,경상북도 칠곡군 지천면 낙산로 87 (낙산리)
878,park-0878,장성군추모공원,전라남도 장성군 삼계면 영장로 900 (부성리)
879,park-0879,익산시 추모의집 제1관,전라북도 익산시 무왕로 1471-63 (석왕동  익산공원묘지)
880,park-0880,흥창사,서울특별시 은평구 통일로 1093 (진관동  흥창사)
881,park-0881,구파발성당 성요셉관,서울특별시 은평구 진관2로 29-16 (진관동  구파발성당)
882,park-0882,대구광역시 낙산추모의집,경상북도 칠곡군 지천면 낙산로 87 (낙산리)
883,park-0883,화천공원묘원,강원특별자치도 화천군 하남면 원천리 9-13
884,park-0884,만불사,제주특별자치도 서귀포시 안덕면 산록남로 513-62 (광평리)
885,park-0885,재단법인조안공원양주지사,경기도 양주시 평화로1261번길 372-146 (산북동)
886,park-0886,문빈정사 봉안당,광주광역시 동구 증심사길 81 (운림동  문빈정사)
887,park-0887,(재)아미티우스 봉안당,경상북도 영천시 북안면 내서로 139-17 (고지리  만불사)
888,park-0888,(재)남도추모공원,전라남도 나주시 문평면 월암로 1050 (학교리)
889,park-0889,해원정사,광주광역시 동구 분산길 100 (내남동)
890,park-0890,성불사 봉안탑,충청남도 논산시 상월면 상월로486번길 81 (대명리)
891,park-0891,양지공원 제3추모의집,제주특별자치도 제주시 516로 2810-31 (영평동  양지공원)
892,park-0892,백운공원묘원 제1묘원,부산광역시 기장군 정관읍 정관로 165 (두명리)
893,park-0893,(재)동산공원묘원,경상북도 포항시 남구 동해면 동해안로 5294-90 (상정리)
894,park-0894,솔치백합동산 봉안묘,강원특별자치도 영월군 주천면 신일리 산253
895,park-0895,동화경모공원(봉안),경기도 파주시 탄현면 헤이리로 98 (법흥리  동화경모공원)
896,park-0896,백운공원묘원 제2묘원,부산광역시 기장군 정관읍 양수1길 17-5 (모전리  백운묘원관리소)
897,park-0897,서동사,전라남도 해남군 화원면 절골길 244 (금평리  서동사)
898,park-0898,태고종관음사 봉안당,전라북도 남원시 보절면 관음사길 82 (서치리  관음사)
899,park-0899,부활의집,서울특별시 마포구 토정로 6-1(합정동  절두산순교박물관영상교육)
900,park-0900,남국선원봉안탑,제주특별자치도 서귀포시 돈내코로 296-127 (상효동)
901,park-0901,신당동성당 소화묘원,경기도 남양주시 조안면 다산로 363 (능내리  천주교신당동교회)
902,park-0902,실로암추모관,대구광역시 군위군 효령면 용매로 1011-43 (고곡리  실로암교회)
903,park-0903,밀양성당 천상낙원,경상남도 밀양시 밀양대공원로 74 (교동)
904,park-0904,(재)남양공원묘원,경상북도 성주군 선남면 관용로 401-41 (오도리)
905,park-0905,(재)대지공원묘원,충청북도 음성군 생극면 오신로 504-63 (신양리)
906,park-0906,생활불교밝은마음 봉안탑,경상북도 영천시 화북면 탑들소일길 232 (죽전리  덕흥사)
907,park-0907,(재)예다원 묘원,전라남도 여수시 소라면 운암길 6 (봉두리)
908,park-0908,대정공원묘원,부산광역시 기장군 정관읍 양수길 76 (용수리  대정공원묘원관리소)
909,park-0909,가평추모공원(봉안시설),경기도 가평군 가평읍 석봉로191번길 65-84 (읍내리  가평추모공원)
910,park-0910,인천가족공원 봉안담,인천광역시 부평구 평온로 61 (부평동)
911,park-0911,프란치스꼬의집,경상남도 진주시 문산읍 상문리 169-2
912,park-0912,미래사,경상남도 함안군 여항면 여항로 75 (외암리  미륵정사)
913,park-0913,천주교 인천교구 고잔성당 몽은당,인천광역시 남동구 논현고잔로128번길 32 고잔성당 (고잔동)
914,park-0914,우리추모공원 봉안당,경상북도 울진군 기성면 기성로 912-24 (사동리  영명사)
915,park-0915,(재)우성공원 봉안당,경상북도 성주군 선남면 관용로 470-54 (용신리  우성공원사무소)
916,park-0916,(재)금곡장미공원,경상북도 경산시 남천면 금곡길 28-75 (금곡리)
917,park-0917,국원하늘정원,경상남도 사천시 곤명면 막골길 267-195 (마곡리  은적납골공원)
918,park-0918,대승불교법왕종 한광사,경상북도 영천시 신녕면 권응수길 126 (화남리  한광사)
919,park-0919,천주교 황사평 봉안묘,제주특별자치도 제주시 기와5길 117-22 (화북이동)
920,park-0920,(재)아름다운 청계공원 봉안시설,전라남도 곡성군 곡성읍 청계동로 457 (신기리)
921,park-0921,삼광사추모공원 아미타봉안탑,경상북도 성주군 월항면 지산로 208 (지방리  삼광사)
922,park-0923,검단사 봉안당,경기도 파주시 탄현면 필승로 292-33 (성동리  검단사)
923,park-0924,화원관광단지공설봉안당,전라남도 해남군 화원면 신덕리 산250
924,park-0925,고당사 효자당,충청북도 영동군 심천면 옥계폭포길 126 (고당리  천국사)
925,park-0926,한라산 옥불사 봉안탑,제주특별자치도 제주시 애월읍 평화로 2016 (소길리)
926,park-0927,추모관 천상의집,전라남도 해남군 해남읍 해남로 160-83 (신안리  선각사)
927,park-0928,운계사 봉안묘,강원특별자치도 원주시 귀래면 북원로 586-107 (운계리)
928,park-0929,(재)생활불교 봉안당,충청북도 충주시 엄정면 향림길 314 (용산리)
929,park-0930,보광사 봉안당,경기도 파주시 광탄면 보광로474번길 87 (영장리)
930,park-0931,대한불교조계종 광덕사,대구광역시 달성군 가창면 헐티로 1190 (용계리  광덕사)
931,park-0932,창원무량사 납골당 ,경상남도 창원시 의창구 북면 무릉산길 126 (무곡리)
932,park-0933,한국불교원각종 장수사,대구광역시 달성군 옥포면 옥계길 16-1(본리리  장수사)
933,park-0934,대법륜사 극락전,경상남도 김해시 금관대로 1088-28 (흥동)
934,park-0935,극락사추모원 하늘정원,경상북도 칠곡군 지천면 창평로 415 (창평리)
935,park-0936,전주효자공원,전라북도 전주시 완산구 콩쥐팥쥐로 1705-138 (효자동3가  전주승화원)
936,park-0937,함양하늘공원(봉안시설),경상남도 함양군 지곡면 함양로 2139-2 (마산리  하늘공원)
937,park-0938,지장선원,대구광역시 동구 갓바위로 35(진인동  지장선원)
938,park-0939,새하늘공원,경기도 양평군 지평면 고재길 90 (곡수리)
939,park-0940,늘푸른안식관,충청북도 청주시 상당구 미원면 운암계원로 189-29 (운암리)
940,park-0941,(재)천주교원주교구 배론성지,충청북도 제천시 봉양읍 배론성지길 296 (구학리)
941,park-0942,동해사,대구광역시 동구 팔공산로292길 47 (백안동)
942,park-0943,대한불교조계종 화암사,충청북도 충주시 동량면 화암양목길 139 (화암리)
943,park-0944,석종사,충청북도 충주시 직동길 271-56 (직동  석종사)
944,park-0945,(재)한남공원묘원(봉안),경기도 광주시 오포읍 매자리길 185-22(매산리)
945,park-0946,정토세계,경상남도 밀양시 삼랑진읍 삼랑진로 603 (미전리)
946,park-0947,안양사푸른공원,전라남도 장성군 삼계면 용매골길 79 (화산리)
947,park-0948,개원추모공원 봉안탑,경상북도 영천시 신녕면 장수로 2238-28 (화남리)
948,park-0949,(재)우성공원 추모관,경상북도 성주군 선남면 관용로 470-54 (용신리  우성공원사무소)
949,park-0951,장기공설봉안묘,경상남도 고성군 동해면 동해로 1236 (장기리)
950,park-0952,(재)천주교유지재단 천호성지,전라북도 완주군 비봉면 천호성지길 124 (내월리  천호성지)
951,park-0953,홍천군공설묘원,강원특별자치도 홍천군 홍천읍 느리울길 141-22 (하오안리)
952,park-0954,(사)대한불교연화조계종 정림사,경상북도 영천시 화남면 용구길 253-45 (용계리)
953,park-0955,천봉사 봉안당,강원특별자치도 홍천군 서면 팔봉산로 118 (대곡리)
954,park-0956,광주공원묘원,경기도 광주시 매자리길 235 (매산동)
955,park-0957,(재)서울공원묘원 봉안담,경기도 용인시 처인구 이동읍 백자로 41 (서리  서울공원묘원사무실)
956,park-0958,대한불교덕성종 성보사 봉안탑,경기도 양주시 백석읍 부흥로397번길 46 (연곡리)
957,park-0959,다보정사 안미원,경기도 포천시 창수면 옥수로262번길 98 (주원리)
958,park-0960,황룡사 봉안당,세종특별자치시 연동면 황우재길 22-17 (명학리)
959,park-0961,숲속의 부활의집,세종특별자치시 전동면 솔티로 615 (송성리)
960,park-0962,도성사 봉안탑,경기도 포천시 화현면 화동로596번길 90 (화현리)
961,park-0963,진달래메모리얼파크,충청북도 충주시 앙성면 와평2길 84 (지당리)
962,park-0964,정안사,대전광역시 서구 사기점골길 195 (평촌동)
963,park-0965,송월교회 봉안묘·탑,인천광역시 서구 마전동 산72-1
964,park-0966,(재)개나리추모공원,충청북도 제천시 송학면 도화로 194 (도화리)
965,park-0967,천주교 인천교구 하늘의문(봉안담),인천광역시 서구 드림로 472 (당하동  하늘의문묘지)
966,park-0968,아산메모리얼파크 휴온 봉안묘,충청남도 아산시 송악면 외암로 55-15 (거산리)
967,park-0969,천안노블랜드하늘공원 봉안담,충청남도 천안시 서북구 입장면 시장리2길 77 (시장리)
968,park-0970,정안수목장 봉안당,충청남도 공주시 정안면 차령고개로 17-55 (사현리)
969,park-0971,석암산수도사 봉안당,인천광역시 미추홀구 구월로8번길 36-7 (주안동  수도사)
970,park-0972,혜명사 봉안당,충청남도 아산시 염치읍 쌍죽길 133-7 (쌍죽리)
971,park-0973,삼길사 봉안당,충청남도 서산시 대산읍 충의로 2779-45 (화곡리)
972,park-0974,성불사 봉안당,충청남도 논산시 상월면 상월로486번길 81 (대명리)
973,park-0975,덕안사 봉안당,대구광역시 달성군 가창면 가창로216길 38 (용계리  덕안사)
974,park-0976,(재)하늘공원 봉안당,전라북도 무주군 적상면 방이리 산158-1
975,park-0977,지장사 봉안당,전라남도 나주시 왕곡면 신포내동길 14-29 (신포리)
976,park-0978,서강대학교 봉안묘,경기도 가평군 상면 청군로 1428-92 (원흥리  서강대학교철우인성교육원)
977,park-0979,대원정사 봉안담,경기도 양주시 장흥면 권율로309번길 317-214 (석현리)
978,park-0980,오봉사 봉안묘,경기도 연천군 연천읍 현문로245번길 384 (고문리)
979,park-0981,영원한도움의성모성전 납골당,강원특별자치도 홍천군 남면 물구비길 151 (신대리)
980,park-0982,운휴암 봉안당,경기도 양평군 강하면 강하1로 612 (항금리  운휴암)
981,park-0983,갈월사 봉안탑,경기도 양평군 양평읍 충신로324번길 64 (창대리  갈월사)
982,park-0985,영은설악동산,경기도 가평군 설악면 묵안로 575 (설곡리  설악영은교회)
983,park-0986,구룡사 봉안묘,경기도 화성시 향남읍 범허리길 107-34 (상신리)
984,park-0987,성림사 연화납골당(봉안탑),충청북도 진천군 덕산읍 인화길 83 (산수리  성림사)
985,park-0988,죽림정사,충청북도 충주시 중앙탑면 탄금대로 851 (탑평리)
986,park-0989,몽암사 봉안탑,충청북도 제천시 강저로15길 152 (강제동)
987,park-0990,연꽃피우는 행복도량 용문사,경기도 김포시 월곶면 대곶로 570 (갈산리  용문사)
988,park-0991,김포연화산추모공원,경기도 김포시 하성면 연화봉로 81-78 (마조리)
989,park-0992,개운사 봉안당,경기도 김포시 월곶면 평화공원로 54-40 (개곡리)
990,park-0993,김포연화사추모관,경기도 김포시 하성면 연화봉로 233 (후평리)
991,park-0994,백향목침례교회,경기도 용인시 기흥구 보라하갈로 67 (하갈동  보라제일교회)
992,park-0995,오봉산추모공원 봉안담,경기도 의왕시 안골로 44 (고천동  오봉정사)
993,park-0996,오봉산추모공원 봉안당,경기도 의왕시 안골로 44 (고천동  오봉정사)
994,park-0997,월명사 봉안탑,충청북도 제천시 송학면 시곡길 81 (시곡리)
995,park-0998,통도사 봉안탑,충청북도 제천시 봉양읍 명암로9길 105 (명암리)
996,park-0999,(재)생활불교 봉안탑,충청북도 충주시 엄정면 향림길 314 (용산리)
997,park-1000,성 라자로마을,경기도 의왕시 원골로 66 (오전동  성라자로마)
998,park-1001,용흥사 봉안묘,충청북도 음성군 금왕읍 용계리 183-21
999,park-1002,파주추모공원 봉안탑,경기도 파주시 파주읍 약수골길 86 (연풍리)
1000,park-1003,갑산공원묘원,경기도 양평군 양서면 건지미길 5 (양수리  갑산공원묘원)
1001,park-1004,대덕사 봉안당,전라남도 나주시 율정길 121 (대호동)
1002,park-1005,비봉사 봉안탑,전라남도 고흥군 도양읍 차경구렁목길 237-46 (용정리  비봉사)
1003,park-1006,영락원 봉안당,제주특별자치도 제주시 산록북로 660 (아라일동)
1004,park-1007,혜관정사 봉안당,제주특별자치도 서귀포시 서리오름로 10 (보목동  혜관정사)
1005,park-1008,(재)실로암공원묘원,부산광역시 기장군 철마면 사등길 181 (고촌리  실로암공원묘원관리사무소)
1006,park-1009,강화파라다이스 강화지점,인천광역시 강화군 송해면 강화대로 879-16 (하도리)
1007,park-1010,미타사 봉안당,충청북도 음성군 소이면 소이로61번길 164 (비산리)
1008,park-1011,부산추모공원 봉안묘·담,부산광역시 기장군 정관읍 정관로 225 (두명리  부산추모공원)
1009,park-1012,인천가족공원 가족봉안담,인천광역시 부평구 평온로 61 (부평동  관리사무소및홍보관)
1010,park-1013,인천가족공원 호국봉안담,인천광역시 부평구 평온로 61 (부평동  관리사무소및홍보관)
1011,park-1014,은하수공원 달님의집(봉안담),세종특별자치시 정안세종로 1527 (산울동  은하수공원)
1012,park-1015,수원시연화장 제2추모의집,경기도 수원시 영통구 광교호수로 278 (하동  수원시연화장)
1013,park-1016,수원시연화장 봉안담,경기도 수원시 영통구 광교호수로 278 (하동  수원시연화장)
1014,park-1017,화천공원묘원 봉안묘,강원특별자치도 화천군 하남면 영서로 5697-69 (원천리  화천공원묘원)
1015,park-1018,태백시납골묘,강원특별자치도 태백시 백두대간로 844 (창죽동  태백공동묘지)
1016,park-1019,하늘내린 휴공원(무연단),강원특별자치도 인제군 남면 자작나무숲길 444-62 (남전리)
1017,park-1020,하늘내린 보금자리(가족12위),강원특별자치도 인제군 남면 자작나무숲길 444-62 (남전리)
1018,park-1021,청주시목련공원 제2목련당,충청북도 청주시 상당구 목련로 731 (월오동  목련장례식장)
1019,park-1022,청주시목련공원,충청북도 청주시 상당구 목련로 731 (월오동  목련장례식장)
1020,park-1023,보령시모란공원,충청남도 보령시 성주면 만수로 693 (개화리)
1021,park-1024,예산군추모의집 제2관,충청남도 예산군 응봉면 예당로 1345-12 (평촌리  예산군추모공원)
1022,park-1025,예산군추모공원,충청남도 예산군 응봉면 예당로 1345-12 (평촌리  예산군추모공원)
1023,park-1026,창원시립상복공원,경상남도 창원시 성산구 공단로474번길 160 
1024,park-1027,창원시립상복공원,경상남도 창원시 성산구 공단로474번길 160 
1025,park-1028,산청군공설묘지 봉안묘,경상남도 산청군 신등면 신등가회로 357-17 (가술리  본향원)
1026,park-1029,용인평온의숲(평온마루 봉안묘),경기도 용인시 처인구 이동읍 평온의숲로 77 (어비리  용인평온의숲)
1027,park-1030,신안1004추모관,전라남도 목포시 고하대로 1140-41 (대양동)
1028,park-1031,연화원 봉안당,제주특별자치도 제주시 1100로 2528-111 (노형동)
1029,park-1032,천비룡사,경상남도 고성군 대가면 유흥갈천길 540-52 (척정리)
1030,park-1033,마애사방어암,경상남도 함안군 군북면 하림2길 181-78 (하림리  마애사)
1031,park-1034,(재)아미티우스 봉안탑,경상북도 영천시 북안면 내서로 139-17 (고지리  만불사)
1032,park-1035,(재)우성공원 봉안묘·담,경상북도 성주군 선남면 관용로 470-54 (용신리  우성공원사무소)
1033,park-1036,우리추모공원 봉안탑,경상북도 울진군 기성면 기성로 912-24 (사동리  영명사)
1034,park-1037,(재)우성공원 영남납골당(무연고),경상북도 성주군 선남면 관용로 470-54 (용신리  우성공원사무소)
1035,park-1038,원진사 봉안당,경상북도 포항시 남구 동해면 금광로438번길 108 (신정리)
1036,park-1039,천주교 대구교구 죽도성당,경상북도 포항시 북구 죽도로 20 (죽도동)
1037,park-1040,우각사 봉안당,경상북도 안동시 풍산읍 죽전길 139-75 (죽전리)
1038,park-1041,천태사추모공원,경상북도 영주시 순흥면 태장로 179-27 (태장리)
1039,park-1042,고경사추모공원,경상북도 영주시 평은면 녹지로 216 (지곡리)
1040,park-1043,실로암추모관,대구광역시 군위군 효령면 용매로 1011-43 (고곡리  실로암교회)
1041,park-1044,대한불교조계종 대관음사 봉안당,대구광역시 남구 중앙대로 126  한국불교대학 대관음사 (봉덕동)
1042,park-1045,나자렛집,경상북도 영천시 화산면 가일길 118 (연계리)
1043,park-1046,석장사 봉안당,경상북도 경산시 용성면 구룡마을길 90 (매남리)
1044,park-1047,삼성사 봉안당,경상북도 경산시 상대로 423 (유곡동)
1045,park-1048,보현사 무량수공원,경상북도 청도군 청도읍 앞산공원길 14 (고수리  보현사)
1046,park-1049,동국사 영가추모관,경상북도 청도군 각남면 옥산길 248-283 (옥산리)
1047,park-1050,삼광사추모공원 봉안탑,경상북도 성주군 월항면 지산로 208 (지방리  삼광사)
1048,park-1051,용운사 납골당,경상북도 칠곡군 동명면 득명2길 110 (득명리)
1049,park-1052,창원공원묘원 납골당,경상남도 창원시 마산합포구 진동면 공원묘원로 232 (인곡리)
1050,park-1053,진주내동공원묘원,경상남도 진주시 내동면 유수길75번길 8-214 (유수리  진주내동공동묘원)
1051,park-1054,(재)밀양추모공원묘원 봉안담,경상남도 밀양시 무안면 창밀로 2890-150
1052,park-1055,천불사 극락원,경상남도 양산시 매곡4길 35 (매곡동)
1053,park-1056,안정사 납골당,경상남도 통영시 광도면 안정1길 363 (안정리)
1054,park-1057,용봉사 납골당,경상남도 통영시 광도면 향교옆길 71-26 (죽림리)
1055,park-1058,용주사 봉안당,경상북도 경주시 서면 하늘마루길 328 (도리)
1056,park-1059,천주교회 구로3동 성당 봉안당,서울특별시 구로구 디지털로27길 82 (구로동  구로3동천주교회)
1057,park-1060,우도면 공설봉안묘,제주특별자치도 제주시 우도면 영일길 80-10 (연평리  우도장례식장)
1058,park-1061,한경면 공설봉안묘(만장),제주특별자치도 제주시 한경면 저지리 산52
1059,park-1062,학천사 봉안당,경상남도 거창군 가조면 기리5길 15 (기리  학천사)
1060,park-1063,현대공원 추모의집,경상북도 칠곡군 동명면 다부거문1길 51-75 (가천리)
1061,park-1064,대한불교덕성종 성보사 봉안당,경기도 양주시 백석읍 부흥로397번길 46 (연곡리)
1062,park-1065,보국사 봉안당,경상북도 영천시 유삼길 67 (채신동  보국사)
1063,park-1066,대한불교조계종 육지장사,경기도 양주시 백석읍 기산로471번길 190 (기산리)
1064,park-1067,소원사,부산광역시 기장군 정관읍 정관중앙로 198 (용수리  소원사)
1065,park-1068,대한불교조계종 천탑사(봉안당),경상남도 밀양시 삼랑진읍 화성길 13-47 (미전리)
1066,park-1069,한국불교태고종 백련사봉안당,서울특별시 서대문구 백련사길 170-72 (홍은동  백련사)
1067,park-1070,이진암 안양원,경상남도 거제시 일운면 옥녀봉길 48 (옥림리)
1068,park-1071,보석교회 헤븐스,충청남도 아산시 배방읍 고불로 129-26 (수철리)
1069,park-1072,충북불교문화회관 봉안당,충청북도 청주시 상당구 월평로184번길 101 (용암동)
1070,park-1073,화광사 봉안당,경기도 남양주시 화도읍 경춘로2192번길 107 (월산리  대한불교화광사)
1071,park-1074,하동영신원,경상남도 하동군 적량면 동산리 368-5
1072,park-1075,천주교 춘천교구 부활성당 추모관,강원특별자치도 춘천시 신동면 김유정로 1727 (정족리)
1073,park-1076,불조사 휴안추모관,경상남도 김해시 상동면 상동로 178-54 (우계리  불조사)
1074,park-1077,유토피아추모공원(헤리티지별관),경기도 안성시 일죽면 화곡길 93 (화곡리)
1075,park-1078,한결재단법인 하늘정원,충청북도 단양군 영춘면 사지원리 445-6
1076,park-1079,정통불교조계종 총본산 세원사,경상남도 의령군 칠곡면 칠곡로1길 56세원사 (도산리)
1077,park-1080,재단법인 아너스홈(구 대성공원묘원),충청남도 계룡시 두마면 제1산단로 68 (입암리)
1078,park-1081,김천시립추모공원(봉안당),경상북도 김천시 봉산면 영남대로 431 (신암리)
1079,park-1082,사랑의동산 ,경기도 양평군 지평면 금의길 36-27 사랑의동산 (망미리  양평금식기도원)
1080,park-1083,약수사 봉안당,서울특별시 관악구 약수암1길 28 (신림동  약수사)
1081,park-1084,동화추모공원,경기도 용인시 처인구 백암면 한택로71번길 19 (옥산리)
1082,park-1085,보명사 봉안탑,경기도 화성시 장안면 남양황라로 529-17 (장안리)
1083,park-1086,대한예수교장로회 노량진교회,경기도 양평군 양서면 웃능골길 78 (복포리  노량진교회기도원)
1084,park-1087,무량사추모관,경상북도 포항시 북구 흥해읍 동해대로1393번길 111-99 (초곡리)
1085,park-1088,능인불교선양원봉안당,서울특별시 강남구 양재대로 340 (개포동  능인선원)
1086,park-1089,남도광역추모공원(봉안당),전라남도 해남군 황산면 호교길 241-250 (일신리)
1087,park-1090,봉갑사 납골묘,전라남도 보성군 문덕면 단양길 296-6 (봉갑리)
1088,park-1091,불광사 지장전,경기도 용인시 처인구 백암면 박곡로208번길 24(박곡리)
1089,park-1092,대원정사 봉안당,경기도 양주시 장흥면 권율로309번길 317-214 (석현리)
1090,park-1093,진목정성지 하늘원,경상북도 경주시 산내면 수의길 192 (내일리)
1091,park-1094,양평군공설봉안시설,경기도 양평군 양평읍 중앙로111번길 54 (공흥리  쉼터공원관리사무실)
1092,park-1095,묘통사 납골공원,경상남도 사천시 곤명면 세종태실로 106 (은사리)
1093,park-1096,(재)풍산공원묘원,충청남도 천안시 동남구 병천면 풍산공원길 70 (봉항리  풍산공원묘역)
1094,park-1097,꽃동네 봉안묘(봉안담),충청북도 음성군 맹동면 원중로 1221 (통동리)
1095,park-1098,성불사 자인당,경기도 가평군 상면 봉수로 40-108 (봉수리  성불사)
1096,park-1099,백련사 봉안탑,경기도 가평군 상면 샘골길 159-50 (연하리  백련사)
1097,park-1100,청량교회 청량동산,경기도 가평군 청평면 양진길 104 (고성리)
1098,park-1101,대한불교조계종 무일선원,경상북도 경주시 감포읍 회곡길 127(대본리  관음사)
1099,park-1102,설악그리쉼추모관,경기도 가평군 설악면 다락재로118번길 316 (회곡리)
1100,park-1103,밀알교회 CATACOMB,경기도 구리시 코스모스길215번길 96 (토평동)
1101,park-1104,(재)선산납골당,경상북도 구미시 옥성면 선상동로 419 (초곡리)
1102,park-1105,(재)안양공원묘원,경기도 안산시 상록구 오리골길 41 (양상동  공동묘지관리소)
1103,park-1106,금강사추모관,경상북도 포항시 북구 침촌마을길 213-7 (양덕동)
1104,park-1107,구룡사추모공원,경기도 용인시 처인구 이동읍 삼배울로92번길 30-6 (덕성리  구룡사)
1105,park-1108,정선하늘터,강원특별자치도 정선군 사북읍 소금강로 3500-34 (사북리)
1106,park-1109,정광사 연화추모관,전라남도 보성군 조성면 녹색로 4561-51(귀산리)
1107,park-1110,백양사 영각당,전라남도 장성군 북하면 백양로 1239 (약수리  백양사)
1108,park-1111,국립소록도병원 만령당,전라남도 고흥군 도양읍 소록해안길 65 (소록리  국립소록도병원)
1109,park-1112,지장대사 극락전봉안당,전라남도 여수시 돌산읍 몰둠벙길 165(평사리  지장대사)
1110,park-1113,관음사 추모관,강원특별자치도 원주시 행구로 533-3 (행구동  관음사)
1111,park-1114,정심사 봉안당,강원특별자치도 동해시 만우안길 5-3 (만우동  정심사)
1112,park-1115,홍성군공원묘지 가족봉안묘,충청남도 홍성군 갈산면 갈산서길170번길 109-47 (부기리)
1113,park-1116,광양시립영세공원 봉안담,전라남도 광양시 광양읍 직동1길 300 (죽림리)
1114,park-1117,(재)효원가족공원,경기도 화성시 향남읍 서봉로755번길 17-15 (동오리)
1115,park-1118,광릉 더 크레스트 봉안당,경기도 포천시 내촌면 부마로 341 (마명리)
1116,park-1119,(재)경춘공원묘원,강원특별자치도 춘천시 서면 노동길 181 (안보리)
1117,park-1120,법왕청추모관,충청북도 청주시 상당구 미원면 단재로 2776 (쌍이리)
1118,park-1121,(재)대지공원묘원,충청북도 음성군 생극면 오신로 504-63 (신양리)
1119,park-1122,성공사 봉안당,충청남도 공주시 우성면 성곡길 347-30 (방문리)
1120,park-1123,(재)대전교구천주교회 성환공원묘원 봉안묘,충청남도 아산시 음봉면 연암율금로 345-58 (소동리  성환공원묘지)
1121,park-1124,대한불교관음회조계종 백천사 봉안탑,경상남도 사천시 백천길 326-2 (백천동  백천사)
1122,park-1125,익산시 추모의집 제3관,전라북도 익산시 무왕로 1471-63 (석왕동  익산공원묘지)
1123,park-1126,우도면 봉안당,제주특별자치도 제주시 우도면 영일길 80-10 (연평리  우도장례식장)
1124,park-1127,결초보은 추모공원,충청북도 보은군 보은읍 속리산로 37 (누청리)
1125,park-1128,영동군 공설봉안묘,충청북도 영동군 영동읍 오탄리 산45
1126,park-1129,보배숲추모공원 봉안담,전라남도 진도군 진도읍 진도대로 7363-110 (동외리  관리사무소)
1127,park-1130,고제공설공원묘지 봉안당,경상남도 거창군 고제면 봉산리 1309
1128,park-1131,남상공설공원묘지,경상남도 거창군 남상면 무촌리 산253
1129,park-1132,월평공설공원묘지,경상남도 거창군 남상면 월평리 산201
1130,park-1133,가북공설공원묘지,경상남도 거창군 가북면 용암리 산125
1131,park-1134,충혼각,제주특별자치도 제주시 1100로 2576-10 (노형동  충혼각)
1132,park-1135,한림읍 공설봉안묘(만장),제주특별자치도 제주시 한림읍 금악리 8-124
1133,park-1136,애월읍 공설봉안묘(만장),제주특별자치도 제주시 애월읍 고성리 산103
1134,park-1137,구좌읍 공설봉안묘(만장),제주특별자치도 제주시 구좌읍 송당리 54-1
1135,park-1138,조천읍 공설봉안묘(만장),제주특별자치도 제주시 조천읍 선흘리 4117
1136,park-1139,보령시마을단위공원묘지,충청남도 보령시 웅천읍 수부리 산33-1
1137,park-1140,평창군 공설봉안담,강원특별자치도 평창군 방림면 서동로 1741-36 (방림리  평창공원묘지)
1138,park-1141,양구봉안공원 봉안담,강원특별자치도 양구군 양구읍 금강산로 518-40 (하리)
1139,park-1142,(재)성산공원 봉안묘,전북특별자치도 군산시 성산면 왕골로 239-29 (대명리  성산공원)
1140,park-1143,천주교하늘공원 봉안묘·담,경상남도 양산시 상북면 공원로3길 19 (상삼리  추모관)
1141,park-1144,천자봉공원묘원,경상남도 창원시 진해구 진해대로 1426-48 (서중동  천자봉공원묘원관리사무실)
1142,park-1145,내광사 봉안당,경상남도 창원시 의창구 동읍 의창대로491번길 150 (용강리)
1143,park-1146,대순진리회목포방면유지재단 봉안당,충청북도 진천군 백곡면 배티로 552-1 (양백리)
1144,park-1147,대한성공회유지재단 봉안시설,충청북도 진천군 진천읍 문화3길 72 (교성리  성공회)
1145,park-1148,성공사 지장전,충청남도 공주시 우성면 성곡길 347-30 (방문리)
1146,park-1149,서대산추모공원 봉안탑,충청남도 금산군 추부면 서대동기길 100 (서대리  일불사)
1147,park-1150,대한불교운문종 봉안탑,충청남도 부여군 초촌면 세탑로 337 (세탑리)
1148,park-1151,(재)봉황공원묘지 봉안묘,전북특별자치도 군산시 임피면 미원리 산100-1
1149,park-1152,천주교 청계묘원 봉안당,전라남도 무안군 청계면 해안로 752 (도대리)
1150,park-1153,천생산 대원사 봉안당,경상북도 구미시 인동49길 16-35 (구평동  천생산대원사)
1151,park-1154,은진사 봉안당,부산광역시 기장군 장안읍 고무로 271-47 (길천리  은진사)
1152,park-1155,화성시추모공원 봉안묘,경기도 화성시 비봉면 주석로 545 (청요리  화성시추모공원)
1153,park-1156,자일동공설묘지 무연고 봉안당,경기도 의정부시 호국로1694번길 30-70 (자일동  의정부시자일동공설묘지)
1154,park-1157,구리시공설묘지,경기도 구리시 사노동 산175-20
1155,park-1158,구리시공설묘지,경기도 구리시 사노동 산175-20
1156,park-1159,광주영락공원 봉안담,광주광역시 북구 효령동 100-2
1157,park-1160,광주영락공원 봉안묘,광주광역시 북구 효령동 산47-1
1158,park-1161,인천가족공원 승화원 부속 봉안당,인천광역시 부평구 평온로 61 (부평동  관리사무소및홍보관)
1159,park-1162,인천가족공원 가족봉안묘,인천광역시 부평구 평온로 61 (부평동  관리사무소및홍보관)
1160,park-1163,영월군 봉안당,강원특별자치도 영월군 주천면 솔치로 240-120 (신일리)
1161,park-1164,용월사사찰회 봉안당,전라남도 여수시 돌산읍 월전길 129-60 (우두리)
1162,park-1165,천주교 인천교구 하늘의문(봉안당),인천광역시 서구 드림로 472 (당하동  하늘의문묘지)
1163,park-1166,익산추모관,전북특별자치도 익산시 금마면 무왕로33길 220 (용순리)
1164,park-1167,법계사 봉안묘,경상남도 창원시 마산합포구 진전면 옥방내동길 215-25 (여양리)
1165,park-1168,혜운사 봉안탑,강원특별자치도 영월군 무릉도원면 두산길 665-26 (두산리)
1166,park-1169,천불사 봉안탑,경상남도 양산시 매곡4길 35 (매곡동)
1167,park-1170,일승종개원사 봉안당,경상북도 영천시 신녕면 장수로 2238-28 (화남리)
1168,park-1171,(재)원주공원묘원,강원특별자치도 원주시 귀래면 귀문로 599 (귀래리)
1169,park-1172,정안사 봉안탑,경상북도 영천시 신녕면 치산관광길 33-101 (치산리)
1170,park-1173,사단법인 한국불교태고종금강사,경기도 김포시 하성면 가금리 284-1
1171,park-1174,칠량자연공원봉안시설,전라남도 강진군 칠량면 삼흥공원길 178-54 (삼흥리  칠량자연공원묘원)
1172,park-1175,유토피아추모공원(자연장지),경기도 안성시 일죽면 화곡길 93 (화곡리)
1173,park-1176,함안하늘공원(자연장지),경상남도 함안군 가야읍 함마대로 1145 (사내리  함안하늘공원)
1174,park-1177,은하수공원 자연장지,세종특별자치시 정안세종로 1527 (산울동  은하수공원)
1175,park-1178,중앙추모공원(재단법인 현) 봉안시설,경기도 연천군 미산면 마유로 58-42 (백석리)
1176,park-1179,에버그린수목장,경기도 안성시 양성면 남북대로 1698 (동항리)
1177,park-1180,대한예수교장로회 효자수목원,전라북도 전주시 완산구 콩쥐팥쥐로 1705-31 (효자동3가  효자추모관)
1178,park-1181,정안수목장 봉안당,충청남도 공주시 정안면 차령고개로 17-55 (사현리)
1179,park-1182,에덴의정원 수목장,전라북도 전주시 완산구 콩쥐팥쥐로 1705-62 (효자동3가)
1180,park-1183,대한불교조계종 용천사,전라남도 함평군 해보면 광암리 409
1181,park-1184,남해추모누리공원 자연장지,경상남도 남해군 서면 연죽로 46-77 (연죽리  남해공설종합묘원추모누리)
1182,park-1185,불광사 양지수목장,경기도 용인시 처인구 백암면 박곡로208번길 24 (박곡리)
1183,park-1186,유토피아수목장,경기도 안성시 일죽면 화곡길 130 (화곡리  유토피아추모관)
1184,park-1187,신불산추모공원 수목장지,경상남도 양산시 어실로 602-1 (어곡동  신불정사)
1185,park-1188,자연숲추모공원 수목장림,전라남도 장성군 삼계면 영장로 900-53 (부성리)
1186,park-1189,용인로뎀파크,경기도 용인시 처인구 양지면 한터로 432-16 (대대리  용인로뎀파크교회)
1187,park-1190,화성하늘공원 수목장림,경기도 화성시 장안면 포승장안로 1035 (장안리)
1188,park-1191,우성공원묘원,경기도 안성시 일죽면 화곡길 158 (화곡리  우성공원묘원)
1189,park-1192,천봉사 자연장지,강원특별자치도 홍천군 서면 팔봉산로 118 (대곡리)
1190,park-1193,(재)용인추모원,경기도 용인시 기흥구 중부대로 972 (상하동  재단법인용인추모원)
1191,park-1194,경각산 수목장,전북특별자치도 임실군 신덕면 불재로 622 (신덕리)
1192,park-1195,용인평온의숲(예정원),경기도 용인시 처인구 이동면 평온의숲로 77 (어비리  용인평온의숲)
1193,park-1196,백양사 수목장,전라남도 장성군 북하면 백양로 1239 (약수리  백양사)
1194,park-1197,자연애숲(다니엘교회),경기도 고양시 일산동구 지영로194번길 135 (지영동)
1195,park-1198,삼척시추모공원 자연장,강원특별자치도 삼척시 강원남부로 4540 (등봉동)
1196,park-1199,화성함백산추모공원(바람마루),경기도 화성시 매송면 서해로 2448-32 (숙곡리)
1197,park-1200,별그리다(별의숲),경기도 양평군 양동면 양동금곡1길 331 (삼산리)
1198,park-1201,늘푸른수목장(청광사),경상남도 거제시 사등면 지석로 216 (지석리)
1199,park-1202,일산공감수목장(봉화사),경기도 고양시 일산동구 지영로194번길 132 (지영동)
1200,park-1203,목자은혜교회,광주광역시 광산구 송학동 424-1
1201,park-1204,인천가족공원 자연장지,인천광역시 부평구 평온로 61 (부평동)
1202,park-1205,하늘동산 자연장지,경상남도 하동군 양보면 우복리 1078-3
1203,park-1206,의성군 천제공원(수목·잔디),경상북도 의성군 의성읍 의성길안로 287-29 (중리리)
1204,park-1207,(재)호정공원(자연장),전라북도 완주군 화산면 운곡로 381-64 (운곡리)
1205,park-1208,늘푸른수목장,전라남도 보성군 노동면 평동로 877-14 (옥마리)
1206,park-1209,신광사 수목장,경상남도 거제시 사등면 오량2길 108 (오량리  신광사)
1207,park-1210,서울신흥교회 하늘계단수목장,경기도 양주시 평화로1261번길 372-146 (산북동)
1208,park-1211,무량수목장,경기도 남양주시 수동면 비룡로850번길 33 (입석리  대한불교조계종무량사)
1209,park-1212,옥마기도회,전라남도 보성군 노동면 평동로 877-14 (옥마리)
1210,park-1213,함양하늘공원(자연장지),경상남도 함양군 지곡면 함양로 2139-2 (마산리  하늘공원)
1211,park-1214,북한강광명수목장,경기도 양평군 서종면 북한강로 1138-69 (수입리  광명사)
1212,park-1215,서남권추모공원 자연장지,전라북도 정읍시 감곡면 정읍북로 1850 (통석리)
1213,park-1216,보배숲추모공원(산림조합),전라남도 진도군 진도읍 진도대로 7363-110 (동외리  관리사무소)
1214,park-1217,하늘소풍수목장(호산나교회),경기도 양주시 평화로1261번길 372-74 (산북동)
1215,park-1218,(재)여주세종추모공원 자연장,경기도 여주시 흥천면 샘다리길 105 (흥천면 상대리 27-6)
1216,park-1219,천탑사 수목장(그린피아),경상남도 밀양시 삼랑진읍 화성길 13-47 (미전리)
1217,park-1220,국립하늘숲추모원,경기도 양평군 양동면 양서동로 372 (계정리)
1218,park-1221,영광군 공설추모공원 자연장지,전라남도 영광군 군남면 광암로 174
1219,park-1222,수불사추모공원,경기도 연천군 청산면 전영로215번길 153-16  수불사추모공원 
1220,park-1223,제천시영원한쉼터 자연장지,충청북도 제천시 송학면 송학주천로9길 122 (포전리)
1221,park-1224,울진군립추모원(자연장지),경상북도 울진군 울진읍 대흥신림로 1046-280 (신림리)
1222,park-1225,여주추모공원 자연장지,경기도 여주시 가남읍 여주남로 769 (본두리)
1223,park-1226,(재)용인공원(자연장),경기도 용인시 처인구 모현읍 새래로 158-33 (초부리  용인공원묘지)
1224,park-1227,경주하늘수목장림,경상북도 경주시 건천읍 하늘마루길 274 (용명리)
1225,park-1228,의왕하늘쉼터(자연장),경기도 의왕시 오매기백운산길 41-57 (오전동)
1226,park-1229,와동꽃빛공원 자연장지,경기도 안산시 단원구 순환로 390 (와동)
1227,park-1230,울산하늘공원 자연장지,울산광역시 울주군 삼동면 보삼길 550 (조일리)
1228,park-1231,(재)서호추모공원,경기도 평택시 청북읍 고렴길 161-12 (고렴리)
1229,park-1232,(재)만어추모공원 수목장,경상남도 밀양시 삼랑진읍 단장로 439 (우곡리)
1230,park-1233,(재)지평선전북공원묘원(자연),전라북도 김제시 금구면 선암1길 290 (선암리)
1231,park-1234,쌍계사,경기도 안산시 단원구 대부황금로 1171 (대부북동  쌍계사)
1232,park-1235,분당추모공원휴(자연장),경기도 광주시 오포로 211-49 (능평동)
1233,park-1236,광양시립영세공원 자연장지,전라남도 광양시 광양읍 직동1길 300 (죽림리)
1234,park-1237,대전추모공원 자연장지,대전광역시 서구 상보안윗길 160 (괴곡동)
1235,park-1238,대한예수장로회 아름기도회 자연장지,전라남도 함평군 대동면 고막천로 1137 (금곡리  아름기도회묘지관련시설)
1236,park-1239,개원추모공원 자연장지,경상북도 영천시 신녕면 장수로 2238-9 (화남리)
1237,park-1240,김포시추모공원(자연장지),경기도 김포시 통진읍 애기봉로571번길 165 (귀전리)
1238,park-1241,수원시연화장 자연장지,경기도 수원시 영통구 광교호수로 278 (하동  수원시연화장)
1239,park-1242,공주나래원 자연장지,충청남도 공주시 이인면 삼배실길 70 (운암리  나래원)
1240,park-1243,사천시 누리원(자연장지),경상남도 사천시 해안관광로 208-66 (송포동  사천공설화장장)
1241,park-1244,태백공원묘원,강원도 태백시 백두대간로 844 (창죽동  태백공동묘지)
1242,park-1245,전주효자자연장,전라북도 전주시 완산구 콩쥐팥쥐로 1705-138(효자동3가  전주승화원)
1243,park-1246,안성제일교회 수목장,경기도 안성시 삼죽면 율곡리 산108-12
1244,park-1247,기독교대한성결교회 안성교회 자연장지,경기도 안성시 금광면 조령길 73-117 (삼흥리)
1245,park-1248,안성시추모공원(자연장지),경기도 안성시 미양면 보촌4길 70 (고지리)
1246,park-1249,제주시어승생한울누리공원,제주특별자치도 제주시 산록북로 70 (연동  어승생한울누리공원)
1247,park-1250,청주시목련공원자연장,충청북도 청주시 상당구 목련로 731 (월오동  목련공원)
1248,park-1251,남한강공원묘원,경기도 여주시 가남읍 송삼로 459-35 (금곡리)
1249,park-1252,완도군추모공원,전라남도 완도군 군외면 청해진서로 1702 (삼두리)
1250,park-1253,대한불교조계종 계승사 극락원,경상남도 고성군 영현면 대법3길 236 (대법리)
1251,park-1254,예래원(자연장지),경기도 동두천시 탑신로 668 (탑동동)
1252,park-1255,광릉 더 크레스트 자연장지,경기도 포천시 내촌면 부마로 341 (마명리)
1253,park-1256,천주교태안교회 공원묘지,충청남도 태안군 태안읍 터널길 26-13 (동문리)
1254,park-1257,양구봉안공원 자연장지,강원특별자치도 양구군 양구읍 금강산로 518-40 (하리)
1255,park-1258,홍천군추모공원 자연장지,강원특별자치도 홍천군 홍천읍 하오안리 산130-1
1256,park-1259,해인사 고불암수목장,경상남도 거창군 가북면 용암리 산154-4
1257,park-1260,일월사추모공원(자연장지),강원특별자치도 춘천시 남산면 봉의텃골길 149-10 (행촌리)
1258,park-1261,중대공원자연장지,경기도 광주시 순암로 192 (중대동)
1259,park-1262,길상사 수목장림,강원특별자치도 횡성군 서원면 양서동로 377 (석화리)
1260,park-1263,대원사추모공원 자연장지,경상북도 경주시 양남면 명주길 864-5 (효동리  대원사)
1261,park-1264,자연으로추모정원,강원특별자치도 양양군 현남면 매호길 273 (후포매리)
1262,park-1265,고창푸른숲자연장,전라북도 고창군 신림면 왕림로 94-54 (세곡리  고창푸른숲자연장관리사무소)
1263,park-1266,순천시립자연장지,전라남도 순천시 용수동길 920 (삼거동)
1264,park-1267,한국기독교장로회함평읍교회,전라남도 함평군 손불면 석창리 88-17
1265,park-1268,약천사,경기도 용인시 처인구 양지면 양지로63번길 9-18 (양지리  약천사)
1266,park-1269,은해사 자연장지,경상북도 영천시 청통면 은해사로 300 (치일리  은해사)
1267,park-1270,월곳리 공설자연장지,인천광역시 강화군 강화읍 월곳리 산8
1268,park-1271,서귀포추모공원 자연장지,제주특별자치도 서귀포시 돈내코로 295-28 (상효동)
1269,park-1272,완주군 자연추모동산,전라북도 완주군 봉동읍 우주로 270-68 (구암리)
1270,park-1273,이작리공설묘지 자연장지,인천광역시 옹진군 자월면 이작리 산289
1271,park-1274,선재리공설묘지 자연장지,인천광역시 옹진군 영흥면 선재리 산32
1272,park-1275,장봉리공설묘지 자연장지,인천광역시 옹진군 북도면 장봉리 산177
1273,park-1276,오룡군립묘원 자연장지,전라남도 담양군 무정면 오룡리 산29
1274,park-1277,남원시추모공원(자연장지),전라북도 남원시 솔터길 40-36 (광치동  승화원)
1275,park-1278,춘천안식공원 잔디장,강원특별자치도 춘천시 동산면 종자리로 331-50 (군자리  춘천시공설묘원)
1276,park-1279,무장녹두숲자연장,전라북도 고창군 무장면 반송길 12 (고라리)
1277,park-1280,무주추모의집(자연장),전라북도 무주군 무주읍 괴목로 1359-72 (당산리)
1278,park-1281,삼광사추모공원 자연장지,경상북도 성주군 월항면 지산로 208 (지방리  삼광사)
1279,park-1282,경신하늘뜰공원 자연장지,경기도 양주시 남면 화합로430번길 98 (경신리  경신하늘뜰공원)
1280,park-1283,이천시립 자연장지,경기도 이천시 부발읍 황무로1719번길 189 (죽당리)
1281,park-1284,여수시영락공원 자연장지(수목·잔디),전라남도 여수시 소라면 의곡길 494 (봉두리  영락공원)
1282,park-1285,정왕공설자연장지,경기도 시흥시 정왕동 산2-1
1283,park-1286,서산시 희망공원(자연장지),충청남도 서산시 인지면 무학재2길 106 (산동리)
1284,park-1287,(재)효원가족공원,경기도 화성시 향남읍 서봉로755번길 17-15 (동오리)
1285,park-1288,동해시하늘정원자연장지,강원도 동해시 강원남부로 4589 (단봉동)
1286,park-1289,연평리공설묘지 자연장지,인천광역시 옹진군 연평면 연평리 661-5
1287,park-1290,영모묘원,전라북도 익산시 왕궁면 호반로 173-45 (동봉리  영모묘원납골당)
1288,park-1291,화천공원묘원 자연장지,강원특별자치도 화천군 하남면 영서로 5697-66 (원천리  화천장례식장)
1289,park-1292,구례군 공설자연장지,전라남도 구례군 마산면 당몰샘로 129-49 (사도리  구례군자연장지관리사무소)
1290,park-1293,익산하늘공원자연장지,전라북도 익산시 무왕로 1471-63 (석왕동)
1291,park-1294,명성교회 자연장지,경기도 안성시 삼죽면 마전리 132-4
1292,park-1295,웅양공설공원묘지,경상남도 거창군 웅양면 죽림리 산108
1293,park-1296,장수암 자연장지,경상남도 창원시 마산합포구 구산면 원전1길 141 (심리  장수암)
1294,park-1297,광주영락공원 청마루동산,광주광역시 북구 영락공원로 170 (효령동)
1295,park-1298,대한예수교장로회 함평교회,전라남도 함평군 함평읍 중앙길 110 
1296,park-1299,청솔공원,강원특별자치도 강릉시 사천면 청솔공원길 334 (석교리  청솔공원관리사무소)
1297,park-1300,남부권공설묘지자연장지,충청남도 당진시 신평면 상오로 31 (상오리)
1298,park-1301,대한불교조계종 남지장사,대구광역시 달성군 가창면 남지장사길 95 (우록리  남지장사)
1299,park-1302,충현공원 자연장지,경기도 광주시 용샘길 115-25 (목현동)
1300,park-1303,내촌공설자연장지,경기도 포천시 내촌면 작은넙고개길 153 (진목리)
1301,park-1304,목포중앙교회 자연장지,전라남도 무안군 청계면 남성리 90
1302,park-1305,반포교회 수목장림,강원특별자치도 횡성군 갑천면 상대리 산191
1303,park-1306,우성공원묘원,경기도 안성시 일죽면 화곡길 158 (화곡리  우성공원묘원)
1304,park-1307,완도안디옥교회 자연장지,전라남도 완도군 군외면 당인리 429-1
1305,park-1308,신월공설자연장지,경기도 광주시 초월읍 신월길 36-18 (신월리)
1306,park-1309,기쁜소식한밭교회 자연장지,경상북도 김천시 대덕면 관기리 산62-4
1307,park-1310,중흥교회복지선교회,경기도 광주시 곤지암읍 오향리 10-14
1308,park-1311,새소명교회동산,경상남도 통영시 도산면 도선리 산301-1
1309,park-1312,소망수양관 자연장지,경기도 광주시 곤지암읍 건업리 54-4
1310,park-1313,올리베따노성베네딕도수도회,경상남도 고성군 대가면 송계1길 163-43 (송계리)
1311,park-1314,대한불교조계종세심사 상락향수목장림,경상북도 안동시 와룡면 선돌길 112-55 (가구리)
1312,park-1315,휴안추모공원,경상남도 김해시 상동면 상동로 178-54 (우계리  불조사)
1313,park-1316,대한불교금오종,경기도 용인시 처인구 원삼면 이원로913번길 67-27 (문촌리)
1314,park-1317,원주중부교회자연장지,강원특별자치도 횡성군 안흥면 소사리  511-5 
1315,park-1318,저높은교회 자연장지,경상남도 거제시 삼거동 602
1316,park-1319,중흥교회 자연장(남서울가족공원),경기도 광주시 곤지암읍 가마을길 83-14 (오향리)
1317,park-1320,함평중앙교회 부활동산,전라남도 함평군 함평읍 옥산리 242-9
1318,park-1321,실상산문종실상선원자연장,전라남도 함평군 대동면 운교리 산 79-10
1319,park-1322,수원제일교회 자연장지,충청북도 음성군 음성읍 초천리 산129-1
1320,park-1323,성요셉공원 자연장지,충청북도 청주시 상당구 가덕면 병암길 35-52 (시동리  성당)
1321,park-1324,고사자연장지,경상남도 남해군 설천면 진목리 산78-2
1322,park-1325,이동무림삼자자연장지,경상남도 남해군 이동면 무림리 산206
1323,park-1326,지구촌교회 자연장지,전라남도 무안군 몽탄면 달산리 산257-18
1324,park-1327,일승종개원사 수목장림,경상북도 영천시 신녕면 장수로 2238-28 (화남리)
1325,park-1328,용미리 제1묘지 자연장지,경기도 파주시 광탄면 용미리 산107
1326,park-1329,일승종개원사 자연장지,경상북도 영천시 신녕면 장수로 2238-28 (화남리)
1327,park-1330,천불사 수목장,경상남도 밀양시 삼랑진읍 행곡3길 68-72 (행곡리)
1328,park-1331,일심정사 수목장림,강원특별자치도 춘천시 남산면 김유정로 427-28 (광판리)
1329,park-1332,횡성군공설자연장지,강원특별자치도 횡성군 갑천면 태기로구방8길 132 (구방리)
1330,park-1333,홍연암 자연장지,전라북도 고창군 고수면 신기길 34 (은사리)
1331,park-1334,장흥공설자연장지,전라남도 장흥군 장흥읍 금산신기길 131 (금산리  공원묘지관리실)
1332,park-1335,성공사 수목장림,충청남도 공주시 우성면 방문리 1022-2
1333,park-1336,순창성당자연장지,전라북도 순창군 순창읍 순창로 247 (남계리  순창천주교회)
1334,park-1337,재단법인북한강공원,경기도 남양주시 화도읍 모꼬지로17번길 202 (구암리  북한강공원)
1335,park-1338,기독교대한감리회전곡교회,경기도 연천군 전곡읍 양연로 1591-15전곡감리교회 (전곡리)
1336,park-1339,수향사 추모공원,전라남도 완도군 고금면 고금로 667-105 (덕암리  수향사)
1337,park-1340,용강별숲공원(구 동부공설묘지),제주특별자치도 제주시 용강6길 366-1 (용강동)
1338,park-1341,원산교회 자연장지,전라남도 순천시 별량면 죽산리 158
1339,park-1342,금광추모동산,경기도 이천시 설성면 상봉리 3-5
1340,park-1343,결초보은 추모공원,충청북도 보은군 보은읍 속리산로 37 (누청리)
1341,park-1344,남원동북교회 자연장지,전북특별자치도 남원시 용정동 447-12
1342,park-1345,경인침례교회 자연장지,충청남도 서산시 지곡면 산성리 1-2
1343,park-1346,팔봉사 더유일추모공원,강원특별자치도 홍천군 홍천읍 큰골길 295-14 (갈마곡리)
1344,park-1347,신세계공원,경기도 양주시 장흥면 권율로29번길 170 (일영리)
1345,park-1348,천주교인보성체수도회,경기도 용인시 처인구 포곡읍 백옥대로1832번길 68 (삼계리  수녀원)
1346,park-1349,사랑의빛교회 천제모동산,전라남도 함평군 손불면 석창리 637-16
1347,park-1350,(사)씨앤에이미션 자연장지,경기도 양평군 양동면 다락근이길 57-18 (단석리)
1348,park-1351,도심리교회 하늘로공원,강원특별자치도 홍천군 화촌면 도심리길 196 (구성포리)
1349,park-1352,성도장로교회 자연장지,강원특별자치도 철원군 서면 자등리 산172-1
1350,park-1353,재단법인 아너스홈(구 대성공원묘원),충청남도 계룡시 두마면 제1산단로 68 (입암리)
1351,park-1354,대구남덕교회부활동산,경상북도 고령군 성산면 사부리 산131
1352,park-1355,옥천성당요셉공원,충청북도 옥천군 옥천읍 중앙로 91 (삼양리)
1353,park-1356,(재)영락교회공원묘원 자연장지,경기도 남양주시 진건읍 사릉로264번길 140-16 (사능리)
1354,park-1357,진주대광교회 자연장지,경상남도 진주시 대곡면 와룡리 50-1
1355,park-1358,강화해누리공원,인천광역시 강화군 내가면 황청리 산170-1 일원
1356,park-1359,진천군 자연장지,충청북도 진천군 진천읍 장관리 758-3번지 일원
1357,park-1360,합동다산교회 자연장지,경상북도 고령군 성산면 기족리 산 14-4
1358,park-1361,남도광역추모공원(자연장),전라남도 해남군 황산면 호교길 241-250 (일신리)
1359,park-1362,가평추모공원(자연장지),경기도 가평군 가평읍 석봉로191번길 65-84 (읍내리  가평추모공원)
1360,park-1363,성산읍공설자연장지,제주특별자치도 서귀포시 성산읍 수산리 4711
1361,park-1364,목련공원묘원,강원특별자치도 철원군 서면 싸리골길 133 (자등리  목련공원)
1362,park-1365,(재)남양공원묘원,경상북도 성주군 선남면 관용로 401-41 (오도리)
1363,park-1366,(재)영호추모공원,충청남도 부여군 세도면 해촌로63번길 43-9 (수고리)
1364,park-1367,제주영락동산,제주특별자치도 제주시 구좌읍 덕천리 427-1
1365,park-1368,여여정사 수목장,경상남도 밀양시 삼랑진읍 행곡1길 180-158 (행곡리)
1366,park-1369,진주제일교회 수목장,경상남도 진주시 일반성면 운천리 산96
1367,park-1370,개원추모공원 수목장림,경상북도 영천시 신녕면 장수로 2238-9 (화남리)
1368,park-1371,원진사지장회수목장,경상북도 포항시 남구 동해면 금광로438번길 108 (신정리)
1369,park-1372,선불교자연장지,충청북도 영동군 심천면 마곡리 185-3
1370,park-1373,정음사원추모관,충청북도 청주시 서원구 3순환로644번길 33 (죽림동)
1371,park-1374,원주제일교회 자연장지,강원특별자치도 영월군 주천면 신일리 산253
1372,park-1375,사모보궁자연장,강원특별자치도 홍천군 두촌면 한계길 23-11 (철정리)
1373,park-1376,오봉사 수목장림,경기도 연천군 연천읍 현문로245번길 384 (고문리)
1374,park-1377,대원정사 자연장지,경기도 양주시 장흥면 권율로309번길 317-214 (석현리)
1375,park-1378,선연사 자연장지,경기도 양평군 양평읍 농업기술센터길 19-18 (공흥리  선연사)
1376,park-1379,하이패밀리 자연장지,경기도 양평군 서종면 도장리 산32
1377,park-1380,갈월사 자연장지,경기도 양평군 양평읍 충신로324번길 64 (창대리  갈월사)
1378,park-1381,김포문수산수목장,경기도 김포시 월곶면 문수산로 8 (포내리)
1379,park-1382,살렘전원그리스도의교회자연장지,경기도 김포시 월곶면 김포대학로 130 (포내리)
1380,park-1383,동화추모공원,경기도 용인시 처인구 백암면 한택로71번길 19 (옥산리)
1381,park-1384,성모자애공원,강원특별자치도 강릉시 주문진읍 주문리 산44-15
1382,park-1385,용주사 자연장지,경상북도 경주시 서면 하늘마루길 328 (도리)
1383,park-1386,무궁화공원묘원,경기도 양평군 서종면 잠실2길 120 (도장리)
1384,park-1387,시냇가푸른나무교회수목장림,경기도 양평군 단월면 석산로 513-56(향소리  숲속작은나라)
1385,park-1388,목포남부교회 남부소망동산,전라남도 영암군 학산면 신덕리 3-6
1386,park-1389,대성교회 자연장지,경상북도 청도군 화양읍 고평리 산19-3 
1387,park-1390,영은교회 자연장지(수목장림),경기도 가평군 설악면 설곡리 산 224-8
1388,park-1391,영은교회 자연장지(수목장),경기도 가평군 설악면 설곡리 산 224-8
1389,park-1392,대한불교조계종 대원사,전라남도 보성군 문덕면 죽산길 506-8 (죽산리)
1390,park-1393,(재)성모성심수도회 자연장지,충청남도 공주시 신풍면 봉갑리 356-15
1391,park-1394,대호지공설묘지(자연장),충청남도 당진시 대호지면 봉선길 123 (장정리  어성정공동묘지)
1392,park-1395,대구시립공원묘지,경상북도 칠곡군 지천면 낙산로 87 (낙산리)
1393,park-1396,망월묘지공원(자연장),광주광역시 북구 민주로 285 (운정동  망월동묘지공원관리사무소)
1394,park-1397,아산시공설자연장지,충청남도 아산시 송악면 외암로 30-30 (거산리)
1395,park-1398,사랑하는 우리교회 자연장지,전라북도 진안군 정천면 월평리 219-3
1396,park-1399,죽림사 자연장지,경상북도 영천시 금호읍 죽방길 279-57 (봉죽리  죽림사)
1397,park-1400,국립기억의숲,충청남도 보령시 성주면 개화리 산41
1398,park-1401,성아우구스띠노수도회 자연장지,경기도 연천군 왕징면 왕산로 722 (동중리)
1399,park-1402,세종수목장,세종특별자치시 전의면 부거실길 135-11 (달전리)
1400,park-1403,무일선원 수목장림,경상북도 경주시 감포읍 회곡길 127 (대본리  관음사)
1401,park-1404,화성나래원 수목장,경기도 화성시 팔탄면 온천로 280-6 (덕천리)
1402,park-1405,옥천군공설자연장지,충청북도 옥천군 군서면 월전리 산19-1
1403,park-1406,청솔수목장,경기도 김포시 월곶면 애기봉로409번길 82-11 (개곡리)
1404,park-1407,(주)광림공원 동산공원묘원(자연장),강원특별자치도 춘천시 동산면 종자리로 331-50 (군자리  춘천시공설묘원)
1405,park-1408,다래원자연장지,충청북도 음성군 생극면 오신로445번길 77 (신양리)
1406,park-1409,효심추모관,경상남도 밀양시 삼랑진읍 삼랑진로 605 (미전리)
1407,park-1410,샘물호스피스 자연장지,경기도 용인시 처인구 백암면 고안로51번길 112-25 (고안리)
1408,park-1411,동서울교회 자연장지,충청북도 충주시 소태면 구룡고개길 152 (주치리)
1409,park-1412,보령시모란공원,충청남도 보령시 성주면 만수로 693 (개화리)
1410,park-1413,압해중앙동산,전라남도 신안군 압해읍 신용리 산34
1411,park-1414,향천사 수목장,충청남도 예산군 예산읍 향천사로 117-20 (향천리  금오산향천사)
1412,park-1415,(재)아름다운 청계공원 자연장지,전라남도 곡성군 곡성읍 청계동로 457 (신기리)
1413,park-1416,기독교대한감리회 애향숙,경상북도 김천시 어모면 용문산길 588-20 (능치리)
1414,park-1417,천주교 김천공원묘원,경상북도 김천시 개령면 황계길 280-41 (황계리)
1415,park-1418,천주교 서천 자연장지,충청남도 서천군 문산면 수암리 산77
1416,park-1419,푸른바다장,인천광역시 중구 연안부두로 57  2층 (항동7가)
1417,park-1420,보배숲추모공원(군립),전라남도 진도군 진도읍 진도대로 7363-110 (동외리  관리사무소)
1418,park-1421,용천바다,인천광역시 중구 축항대로166번길 18 남하유어선부두 (항동7가)
1419,park-1422,베다니수목장,전라남도 순천시 서면 압곡리 156-2
1420,park-1423,(사)바울선교회 자연장지,전북특별자치도 김제시 만경읍 화포리 543-1
1421,park-1424,평안교회 자연장지,충청북도 청주시 서원구 남이면 구암리 산15-14
1422,park-1425,하늘바다해양장,경상북도 포항시 북구 중흥로309번길 35 (죽도동)
1423,park-1426,영월중앙감리교회 자연장지,강원특별자치도 영월군 영월읍 하송로 112 (하송리)
1424,park-1427,늘푸른교회,경상북도 경주시 강동면 단구리 산31-3
1425,park-1428,사단법인 한국불교태고종금강사,경기도 김포시 하성면 가금리 284-1
1426,park-1429,남흥교회 자연장지,경상북도 칠곡군 가산면 송학리 산15-5
1427,park-1430,분당소망교회 자연장지,충청남도 보령시 오천면 교성리 339-12
1428,park-1431,원각사 자연장지,충청북도 진천군 백곡면 양백리 산72-5
1429,park-1432,삼사교회 자연장지,경상북도 영덕군 강구면 삼사리 457
1430,park-1433,(재)신세계공원묘원,대구광역시 군위군 효령면 녹동길 129-190 (장군리)
1431,park-1434,대한예수교장로회 금호교회 자연장지,경기도 연천군 왕징면 북삼리 263
1432,park-1435,함양공설자연장지,경상남도 함양군 함양읍 구룡리  749번지
1433,park-1436,석화사 자연장지,충청북도 청주시 상당구 미원면 내산1길 91-37 (내산리)
1434,park-1437,포항시우현화장장,포항시 북구 소티재로 69-12(우현동)
1435,park-1438,익산하늘공원정수원,전북 익산시 석왕동 235-13
1436,park-1439,정선하늘터,강원특별자치도 정선군 사북읍 소금강로 3500-34 (사북리)
1437,park-1440,포항시립구룡포화장장,경상북도 포항시 남구 구룡포읍 구룡포길39번길 64 (구룡포리  구룡포화장장)
1438,park-1441,인천가족공원 승화원,인천광역시 부평구 평온로 61 (부평동)
1439,park-1442,광주영락공원 제2추모관,광주광역시 북구 영락공원로 171 (효령동  영락공원)
1440,park-1443,사천시 누리원(화장시설),경상남도 사천시 해안관광로 208-66 (송포동) 
1441,park-1444,영주시화장장,경상북도 영주시 조와로 48-186 (고현동  영주시립화장장)
1442,park-1445,상주시승천원,경상북도 상주시 병성천2길 560 (병성동)
1443,park-1446,서남권추모공원 봉안당,전라북도 정읍시 감곡면 정읍북로 1850 (통석리)
1444,park-1447,성남시장례문화사업소,경기 성남시 중원구 순암로 787 (갈현동112)
1445,park-1448,전주시승화원,전라북도 전주시 완산구 콩쥐팥쥐로 1705-138(효자동3가  전주승화원)
1446,park-1449,대전시정수원,대전광역시 서구 계백로1249번길 174-82 (정림동)
1447,park-1450,울산하늘공원 승화원,울산 울주군 삼동면 보삼길 550                               
1448,park-1451,원주추모공원 화장장,강원도 원주시 흥업면 복술길 33 (사제리)
1449,park-1452,통영시추모공원,경상남도 통영시 장대길 115 (정량동)
1450,park-1453,대구명복공원,대구광역시 수성구 달구벌대로541길 47 (고모동)
1451,park-1454,공주나래원 봉안당,충청남도 공주시 이인면 삼배실길 70 (운암리  나래원)
1452,park-1455,함안하늘공원(화장시설),경상남도 함안군 가야읍 함마대로 1145  함안하늘공원
1453,park-1456,은하수공원 해님의집(화장장),세종특별자치시 정안세종로 1527 (산울동  은하수공원)
1454,park-1457,홍성추모공원,충청남도 홍성군 금마면 금마로516번길 85 (봉서리  화장장)
1455,park-1458,제천시영원한쉼터봉안당,충청북도 제천시 송학면 포전리 373번지 외
1456,park-1459,수원시연화장 승화원,경기도 수원시 영통구 광교호수로 278 (하동  수원시연화장)
1457,park-1460,경주하늘마루봉안당,경상북도 경주시 서면 하늘마루길 330 (도리)
1458,park-1461,속초시승화원,강원도 속초시 이목로 194 (노학동)
1459,park-1462,의성군공설화장장,경상북도 의성군 의성읍 의성길안로 287-29 (중리리)
1460,park-1463,청주시목련공원,충청북도 청주시 상당구 목련로 731 (월오동  목련공원)
1461,park-1464,동해삼척 공동화장장(승화원),강원도 동해시 강원남부로 4589 (단봉동)
1462,park-1465,인제 하늘내린도리안,강원도 인제군 남면 자작나무숲길 444-62 (남전리  하늘내린도리안공원)
1463,park-1466,태백시화장장,강원 태백시 백두대간로 844 (창죽동 26-5) 
1464,park-1467,남도광역추모공원(봉안당),전라남도 해남군 황산면 호교길 241-250 (일신리)
1465,park-1468,남해추모누리 영화원,경상남도 남해군 서면 연죽로 46-77 (연죽리  남해공설종합묘원추모누리)
1466,park-1469,김천시립추모공원(봉안당),경상북도 김천시 봉산면 영남대로 431 (신암리)
1467,park-1470,목포추모공원,전라남도 목포시 고하대로 1140-41 (대양동)
1468,park-1471,서울추모공원,서울특별시 서초구 양재대로12길 74 (원지동)
1469,park-1472,김해추모의공원,경상남도 김해시 주촌면 서부로 1637번길 574 (덕암리)
1470,park-1473,밀양시공설화장시설,경상남도 밀양시 북성로7길 59 (교동 476-1번지)  
1471,park-1474,천안추모공원 봉안당,충청남도 천안시 동남구 광덕면 밤나무골길 38 (원덕리)
1472,park-1475,충주시시설관리공단,충청북도 충주시 목벌길 256 (목벌동)
1473,park-1476,솔향하늘길,강원특별자치도 강릉시 사천면 청솔공원길 292-55 (석교리)
1474,park-1477,울릉하늘섬공원,경상북도 울릉군 서면 태하령길 314 (남서리)
1475,park-1478,창원시립마산화장장,경남 창원시 마산합포구 진동면  공원묘원로 232 마산화장장
1476,park-1479,서울시립승화원 추모의집,경기도 고양시 덕양구 통일로 504 (대자동)
1477,park-1480,군산시승화원,전라북도 군산시 임피면 서원석곡로 436-34 (보석리  승화원)
1478,park-1481,남원시승화원,전북 남원시 광치동 690-1 
1479,park-1482,부산영락공원묘지,부산광역시 금정구 금정도서관로 108 (두구동  영락공원)
1480,park-1483,고성군공설화장장,경남 고성군 상리면 자은리 산85-1
1481,park-1484,순천시립추모공원 제1·2봉안당,전라남도 순천시 양율길 132 (야흥동)
1482,park-1485,춘천안식원,강원도 춘천시 동산면 종자리로 331-21 (군자리)
1483,park-1486,안동장사문화공원,경상북도 안동시 풍천면 운골길 205 (도양리)
1484,park-1487,승화원(화장장),전라남도 여수시 소라면 의곡길 494
1485,park-1488,용인 평온의 숲(나래원),경기도 용인시 처인구 이동읍 평온의숲로 77 (어비리  용인평온의숲)
1486,park-1489,울진군립추모원(봉안시설),경상북도 울진군 울진읍 대흥신림로 1046-261 (신림리)
1487,park-1490,구미시추모공원,경상북도 구미시 유성면 추모공원로 81...
1488,park-1491,광양시화장장,전라남도 광양시 광양읍 직동1길 300 (죽림리)
1489,park-1492,창원시립상복공원,경상남도 창원시 성산구 공단로474번길 160 
1490,park-1493,구미시추모공원,경상북도 구미시 옥성면 추모공원로 81 (농소리)
1491,park-1494,양지공원 제1추모의집,제주특별자치도 제주시 516로 2810-31 (영평동  양지공원)
1492,park-1495,진주시안락공원,경상남도 진주시 진산로 141-42 (장재동)
1493,park-1496,화성함백산추모공원(화장),경기도 화성시 매송면 서해로 2448-32  화성 함백산추모공원 
1494,park-1497,(재)아름다운 청계공원 화장시설,전라남도 곡성군 곡성읍 신기리 167
1495,park-1498,국립소록도병원화장장,전남 고흥군 도양읍 소록리 1번지