ID,시설명,종교,카테고리,상품명칭,가격(만원),가격(원),가격유형,주변문구(요약)
1,"(재)낙원추모공원",일반/무교,묘지,"A 패키지","1800만원",18000000,정가,"A 패키지 더이음 상조 200 + 부부형 수목형 1600 상조 지원금 150만원 지원 18..."
1,"(재)낙원추모공원",일반/무교,묘지,"A 패키지","1650만원",16500000,할인가,"A 패키지 더이음 상조 200 + 부부형 수목형 1600 상조 지원금 150만원 지원 18..."
1,"(재)낙원추모공원",일반/무교,묘지,"B 패키지","2000만원",20000000,정가,"B 패키지 더이음 상조 200 + 부부형 수목형 1800 상조 지원금 150만원 지원 20..."
1,"(재)낙원추모공원",일반/무교,묘지,"B 패키지","1850만원",18500000,할인가,"B 패키지 더이음 상조 200 + 부부형 수목형 1800 상조 지원금 150만원 지원 20..."
1,"(재)낙원추모공원",일반/무교,묘지,"C 패키지","2300만원",23000000,정가,"C 패키지 더이음 상조 200 + 부부형 수목형 2100 상조 지원금 200만원 지원 23..."
1,"(재)낙원추모공원",일반/무교,묘지,"C 패키지","2100만원",21000000,할인가,"C 패키지 더이음 상조 200 + 부부형 수목형 2100 상조 지원금 200만원 지원 23..."
1,"(재)낙원추모공원",일반/무교,묘지,"패키지","3250만원",32500000,정가,"패키지 더이음 상조 250 + 가족형 최대8위형 3000 상조 지원금 250만원 지원 32..."
1,"(재)낙원추모공원",일반/무교,묘지,"패키지","3000만원",30000000,할인가,"패키지 더이음 상조 250 + 가족형 최대8위형 3000 상조 지원금 250만원 지원 32..."
1,"(재)낙원추모공원",일반/무교,묘지,"패키지","3630만원",36300000,정가,"패키지 더이음 상조 250 + 가족형 최대12위형 3300 상조 지원금 250만원 지원 3..."
1,"(재)낙원추모공원",일반/무교,묘지,"패키지","3380만원",33800000,할인가,"패키지 더이음 상조 250 + 가족형 최대12위형 3300 상조 지원금 250만원 지원 3..."
1,"(재)낙원추모공원",일반/무교,기타,"싶은 분","290만원",2900000,분양가,"싶은 분 필요한 것만 담아 가격은 낮추고 품질은 높였습니다 더이음 250 R 사 (290만..."
1,"(재)낙원추모공원",일반/무교,기타,"아 가격은 낮추고 품질은 높","360만원",3600000,분양가,"아 가격은 낮추고 품질은 높였습니다 더이음 250 R 사 (290만원 기준) P 사 (36..."
1,"(재)낙원추모공원",일반/무교,기타,"기, 기증자 유자녀 후원금","200만원",2000000,분양가,"기, 기증자 유자녀 후원금 1억4천만원, 기증원 홍보대사 김경식 씨 등 8인의 기부금 4천..."
1,"(재)낙원추모공원",일반/무교,봉안당,"트리움(ATRIUM)관	팰리","510만원",5100000,테이블정가,"트리움(ATRIUM)관 팰리스(PALACE)관 에덴(EDEN)관 루멘(LUMEN)관 8단 ..."
1,"(재)낙원추모공원",일반/무교,봉안당,"ATRIUM)관	팰리스(PA","760만원",7600000,테이블정가,"ATRIUM)관 팰리스(PALACE)관 에덴(EDEN)관 루멘(LUMEN)관 8단 510 ..."
1,"(재)낙원추모공원",일반/무교,봉안당,"UM)관	팰리스(PALACE","860만원",8600000,테이블정가,"UM)관 팰리스(PALACE)관 에덴(EDEN)관 루멘(LUMEN)관 8단 510 760 ..."
1,"(재)낙원추모공원",일반/무교,봉안당,"LACE)관	에덴(EDEN)","560만원",5600000,테이블정가,"LACE)관 에덴(EDEN)관 루멘(LUMEN)관 8단 510 760 860 - - 7단 ..."
1,"(재)낙원추모공원",일반/무교,봉안당,"덴(EDEN)관	루멘(LUM","960만원",9600000,테이블정가,"덴(EDEN)관 루멘(LUMEN)관 8단 510 760 860 - - 7단 560 860 ..."
1,"(재)낙원추모공원",일반/무교,기타,"510	760	860	-	-","160만원",1600000,테이블정가,"510 760 860 - - 7단 560 860 960 - - 6단 860 1,060 1,..."
1,"(재)낙원추모공원",일반/무교,봉안당,"60	1,360","660만원",6600000,테이블정가,"60 1,360 4단 860 1,160 1,360 3단 760 1,160 1,360 2단 ..."
1,"(재)낙원추모공원",일반/무교,봉안당,"과 기품을 영원히 간직할 수","1899만원",18990000,테이블정가,"과 기품을 영원히 간직할 수 있는 에데나만의 프리미엄 낙원추모공원 둘러보기 전화상담 : 1..."
1,"(재)낙원추모공원",일반/무교,봉안당,"영원히 간직할 수 있는 에데","2349만원",23490000,테이블정가,"영원히 간직할 수 있는 에데나만의 프리미엄 낙원추모공원 둘러보기 전화상담 : 1899-23..."
1,"(재)낙원추모공원",일반/무교,봉안당,"상담","1402만원",14020000,테이블정가,"상담 TOP 재단법인 낙원추모공원 봉안당 에데나 / 경상남도 김해시 한림면 김해대로 140..."
1,"(재)낙원추모공원",일반/무교,봉안당,"재단법인 낙원추모공원 봉안당","148만원",1480000,테이블정가,"재단법인 낙원추모공원 봉안당 에데나 / 경상남도 김해시 한림면 김해대로 1402번길 148..."
1,"(재)낙원추모공원",일반/무교,기타,"김해시 한림면 김해대로 14","622만원",6220000,테이블정가,"김해시 한림면 김해대로 1402번길 148 / 대표자. 박승현 / 사업자등록번호. 622-..."
1,"(재)낙원추모공원",일반/무교,기타,"/  사업자등록번호. 622","343만원",3430000,테이블정가,"/ 사업자등록번호. 622-82-00505 T. 1899-2349 / F. 055)343-..."
1,"(재)낙원추모공원",일반/무교,기타,"사업자등록번호. 622-82","0650만원",6500000,테이블정가,"사업자등록번호. 622-82-00505 T. 1899-2349 / F. 055)343-06..."
1,"(재)낙원추모공원",일반/무교,기타,"505","2023만원",20230000,테이블정가,"505 T. 1899-2349 / F. 055)343-0650 Copyright © 202..."
2,"(재)실로암공원묘원",일반/무교,-,정보 없음,-,0,-,텍스트 없음
4,"재단법인울산공원묘원",일반/무교,-,정보 없음,-,0,-,텍스트 없음
5,"진주내동공원묘원",일반/무교,묘지,"대표전화 055) 756-1","756만원",7560000,테이블정가,"대표전화 055) 756-1500 Home Contact us 공원안내 매장묘안내 봉안당안..."
5,"진주내동공원묘원",일반/무교,묘지,"대표전화 055) 756-1","1500만원",15000000,테이블정가,"대표전화 055) 756-1500 Home Contact us 공원안내 매장묘안내 봉안당안..."
5,"진주내동공원묘원",일반/무교,묘지,"대표전화 055) 756-1","150만원",1500000,테이블정가,"대표전화 055) 756-1500 Home Contact us 공원안내 매장묘안내 봉안당안..."
5,"진주내동공원묘원",일반/무교,관리비,"분양가격안내","200만원",2000000,테이블정가,"분양가격안내 일반실 (단위:만원) NO. 개인단 부부단 VIP단 관리비 비고 8 150 2..."
5,"진주내동공원묘원",일반/무교,관리비,"격안내","300만원",3000000,테이블정가,"격안내 일반실 (단위:만원) NO. 개인단 부부단 VIP단 관리비 비고 8 150 200 ..."
5,"진주내동공원묘원",일반/무교,기타,"비고","400만원",4000000,테이블정가,"비고 8 150 200 300 개인단 : 5만원 부부단, VIP단 : 8만원 7 300 4..."
5,"진주내동공원묘원",일반/무교,기타,"150	200	300	개인단","600만원",6000000,테이블정가,"150 200 300 개인단 : 5만원 부부단, VIP단 : 8만원 7 300 400 60..."
5,"진주내동공원묘원",일반/무교,기타,"00	개인단 : 5만원","700만원",7000000,테이블정가,"00 개인단 : 5만원 부부단, VIP단 : 8만원 7 300 400 600 6 400 7..."
5,"진주내동공원묘원",일반/무교,기타,"인단 : 5만원","800만원",8000000,테이블정가,"인단 : 5만원 부부단, VIP단 : 8만원 7 300 400 600 6 400 700 8..."
5,"진주내동공원묘원",일반/무교,묘지,"대표전화 055) 756-1","500만원",5000000,테이블정가,"대표전화 055) 756-1500 Home Contact us 공원안내 매장묘안내 봉안당안..."
5,"진주내동공원묘원",일반/무교,기타,"부단, VIP단 : 8만원","900만원",9000000,테이블정가,"부단, VIP단 : 8만원 7 300 400 600 6 400 700 800 5 500 9..."
5,"진주내동공원묘원",일반/무교,기타,"800","250만원",2500000,테이블정가,"800 5 500 900 1,000 4 400 700 800 3 300 500 600 2 ..."
5,"진주내동공원묘원",일반/무교,기타,")","350만원",3500000,테이블정가,") NO. 개인단 부부단 VIP개인 VIP부부 비고 8 250 300 300 400 7 3..."
5,"진주내동공원묘원",일반/무교,기타,".	개인단	부부단	VIP개인","450만원",4500000,테이블정가,". 개인단 부부단 VIP개인 VIP부부 비고 8 250 300 300 400 7 350 4..."
5,"진주내동공원묘원",일반/무교,기타,"P부부	비고","750만원",7500000,테이블정가,"P부부 비고 8 250 300 300 400 7 350 450 400 700 6 450 7..."
5,"진주내동공원묘원",일반/무교,기타,"0	450	400	700","100만원",1000000,테이블정가,"0 450 400 700 6 450 750 500 900 5 600 1,000 700 1,..."
5,"진주내동공원묘원",일반/무교,기타,"~1) 바랍니다.","214만원",2140000,테이블정가,"~1) 바랍니다. 상단으로 진주내동공원묘원 경상남도 진주시 내동면 유수길 75번길 8-21..."
5,"진주내동공원묘원",일반/무교,기타,"시 내동면 유수길 75번길","0372만원",3720000,테이블정가,"시 내동면 유수길 75번길 8-214 T. 055-756-1500~1 F. 055-756-..."
5,"진주내동공원묘원",일반/무교,봉안당,"All rights rese","365만원",3650000,테이블정가,"All rights reserved. 사무실, 봉안당 운영시간 08시 ~ 17시 까지 (3..."
6,"신불산공원묘원",일반/무교,-,정보 없음,-,0,-,텍스트 없음
7,"예산군추모공원",일반/무교,-,정보 없음,-,0,-,텍스트 없음
9,"재단법인선산공원묘원",일반/무교,-,정보 없음,-,0,-,텍스트 없음
11,"재단법인 로엠(묘지)",일반/무교,-,정보 없음,-,0,-,텍스트 없음
12,"(재)화산추모공원(묘지)",일반/무교,묘지,"이 타인묘 이장요구 가능","2001만원",20010000,테이블정가,"이 타인묘 이장요구 가능 3. 묘지면적 상한선 3분의 1로 축소 ""장사""등에 관한 법률..."
12,"(재)화산추모공원(묘지)",일반/무교,묘지,"부를 결정했었다.","500만원",5000000,테이블정가,"부를 결정했었다. 묘지 이전을 명령받고도 이행하지 않으면 이전할 때까지 1년에 2차례씩 5..."
12,"(재)화산추모공원(묘지)",일반/무교,묘지,"5㎡ 이내","100만원",1000000,테이블정가,"5㎡ 이내 개인 묘지 80㎡ 이내 ①개인묘지는 30㎡ 이내(분묘면적 제한없음) ②가족묘지 ..."
12,"(재)화산추모공원(묘지)",일반/무교,묘지,"㎡ 이내","1000만원",10000000,테이블정가,"㎡ 이내 ①개인묘지는 30㎡ 이내(분묘면적 제한없음) ②가족묘지 100㎡ 종종 . 문종은 ..."
12,"(재)화산추모공원(묘지)",일반/무교,묘지,"(합장 할 때 15㎡이내","2000만원",20000000,테이블정가,"(합장 할 때 15㎡이내 시/행/규/칙 1. 개정이유 매장및묘지등에관한법률(2000. 1...."
12,"(재)화산추모공원(묘지)",일반/무교,묘지,"시/행/규/칙","6158만원",61580000,테이블정가,"시/행/규/칙 1. 개정이유 매장및묘지등에관한법률(2000. 1. 12, 법률 제6158호..."
13,"(재)서울공원묘원",일반/무교,-,정보 없음,-,0,-,텍스트 없음
14,"(재)자하연 일산(묘지)",일반/무교,-,정보 없음,-,0,-,텍스트 없음
15,"(재)이화공원묘원",일반/무교,-,정보 없음,-,0,-,텍스트 없음
17,"파주하늘나라공원",일반/무교,-,정보 없음,-,0,-,텍스트 없음
18,"보령시모란공원",일반/무교,-,정보 없음,-,0,-,텍스트 없음
22,"천주교안성추모공원(묘원)",천주교,-,정보 없음,-,0,-,텍스트 없음
23,"함양하늘공원(묘지)",일반/무교,-,정보 없음,-,0,-,텍스트 없음
24,"(재)하늘나라공원 포천묘원",일반/무교,-,정보 없음,-,0,-,텍스트 없음
25,"금릉공원묘원",유교,-,정보 없음,-,0,-,텍스트 없음
26,"(재)경춘공원묘원",일반/무교,-,정보 없음,-,0,-,텍스트 없음
27,"우성공원묘원",일반/무교,-,정보 없음,-,0,-,텍스트 없음
29,"청파동성당 청파묘원",기독교,-,정보 없음,-,0,-,텍스트 없음
30,"(재)풍산공원묘원",일반/무교,-,정보 없음,-,0,-,텍스트 없음
31,"청파동성당 평화묘원",기독교,-,정보 없음,-,0,-,텍스트 없음
32,"(재)호정공원(묘지)",유교,묘지,"2단","805만원",8050000,테이블정가,"2단 03. 매장 특 (단위 : 만원) 구분 가격 면적 비고 합장 매장 1단 1,805만원..."
32,"(재)호정공원(묘지)",유교,묘지,"터 적용)","955만원",9550000,테이블정가,"터 적용) 안장비, 관리비, 각자비 • 관리비 5년 단위 부과(선납) 매장 2단 1,955..."
32,"(재)호정공원(묘지)",유교,묘지,"비, 각자비","295만원",2950000,테이블정가,"비, 각자비 • 관리비 5년 단위 부과(선납) 매장 2단 1,955만원 매장 특 2,295..."
32,"(재)호정공원(묘지)",유교,묘지,"5년 단위 부과(선납)","455만원",4550000,테이블정가,"5년 단위 부과(선납) 매장 2단 1,955만원 매장 특 2,295만원 호정(B) 2,45..."
32,"(재)호정공원(묘지)",유교,묘지,"2단	1,955만원","550만원",5500000,테이블정가,"2단 1,955만원 매장 특 2,295만원 호정(B) 2,455만원 단장 호정(A) 1,5..."
32,"(재)호정공원(묘지)",유교,기타,"보처리방침 이용약관","402만원",4020000,테이블정가,"보처리방침 이용약관 재단법인 호정공원 대표자 : 신영옥 사업자등록번호 : 402-82-19..."
32,"(재)호정공원(묘지)",유교,기타,": 신영옥","214만원",2140000,테이블정가,": 신영옥 사업자등록번호 : 402-82-19531 관리사무소 : 063-214-1009 ..."
32,"(재)호정공원(묘지)",유교,기타,"영옥","1009만원",10090000,테이블정가,"영옥 사업자등록번호 : 402-82-19531 관리사무소 : 063-214-1009 팩스 ..."
32,"(재)호정공원(묘지)",유교,기타,"02-82-19531","222만원",2220000,테이블정가,"02-82-19531 관리사무소 : 063-214-1009 팩스 : 063-222-3662..."
32,"(재)호정공원(묘지)",유교,기타,"2-19531","3662만원",36620000,테이블정가,"2-19531 관리사무소 : 063-214-1009 팩스 : 063-222-3662 E-m..."
32,"(재)호정공원(묘지)",유교,기타,"wwhjcloud9@nave","381만원",3810000,테이블정가,"wwhjcloud9@naver.com 주소 : 전북특별자치도 완주군 화산면 운곡로 381-..."
32,"(재)호정공원(묘지)",유교,기타,"소 : 전북특별자치도 완주군","1833만원",18330000,테이블정가,"소 : 전북특별자치도 완주군 화산면 운곡로 381-64 재단법인 호정공원 사용상담 : 18..."
32,"(재)호정공원(묘지)",유교,기타,"북특별자치도 완주군 화산면","4491만원",44910000,테이블정가,"북특별자치도 완주군 화산면 운곡로 381-64 재단법인 호정공원 사용상담 : 1833-44..."
32,"(재)호정공원(묘지)",유교,기타,"면 운곡로 381-64","365만원",3650000,테이블정가,"면 운곡로 381-64 재단법인 호정공원 사용상담 : 1833-4491 연중무휴 : 365..."
32,"(재)호정공원(묘지)",유교,묘지,"족 봉안 평장 4기","930만원",9300000,테이블정가,"족 봉안 평장 4기 (단위 : 만원) 구분 면적(평) 가격 비고 부부 봉안 2기 2평 93..."
32,"(재)호정공원(묘지)",유교,묘지,"안장비, 관리비, 각자비","730만원",7300000,테이블정가,"안장비, 관리비, 각자비 • 관리비 5년 단위 부과(선납) 가족 봉안 4기 4평 1,730..."
32,"(재)호정공원(묘지)",유교,묘지,"5년 단위 부과(선납)","280만원",2800000,테이블정가,"5년 단위 부과(선납) 가족 봉안 4기 4평 1,730만원 가족 봉안 8기 5평 2,280..."
32,"(재)호정공원(묘지)",유교,묘지,"기	4평	1,730만원","440만원",4400000,테이블정가,"기 4평 1,730만원 가족 봉안 8기 5평 2,280만원 가족 봉안 평장 4기 2평 1,..."
32,"(재)호정공원(묘지)",유교,봉안당,"가격","390만원",3900000,테이블정가,"가격 (단위 : 만원) 구분 추모목 종류 가격 비고 수목장 개인목 1기 에메랄드 골드 39..."
32,"(재)호정공원(묘지)",유교,관리비,")","710만원",7100000,테이블정가,") • 관리비 5년 단위 부과(선납) 부부목 2기 작은 둥근 소나무, 분재형 소나무 710..."
32,"(재)호정공원(묘지)",유교,기타,"둥근 소나무, 분재형 소나무","190만원",1900000,테이블정가,"둥근 소나무, 분재형 소나무 710만원 가족목 4 ~ 8기 반송, 황금소나무, 소나무 1,..."
32,"(재)호정공원(묘지)",유교,기타,"분재형 소나무	710만원","150만원",1500000,테이블정가,"분재형 소나무 710만원 가족목 4 ~ 8기 반송, 황금소나무, 소나무 1,190 ~ 2,..."
32,"(재)호정공원(묘지)",유교,자연장,"소나무	1,190 ~ 2,1","290만원",2900000,테이블정가,"소나무 1,190 ~ 2,150만원 특수목 공작단풍, 소나무 별도문의 공동수목 조형소나무 ..."
32,"(재)호정공원(묘지)",유교,자연장,"장비(30만원), 관리비,","230만원",2300000,테이블정가,"장비(30만원), 관리비, 수목표지석 • 관리비 5년 단위 부과(선납) 잔디장 1기 230..."
32,"(재)호정공원(묘지)",유교,봉안당,"상담","350만원",3500000,테이블정가,"상담 방문예약 봉안담 사용가격 (단위 : 만원) 단수 개인단 부부단 비고 4, 5단 350..."
32,"(재)호정공원(묘지)",유교,봉안당,"약","630만원",6300000,테이블정가,"약 봉안담 사용가격 (단위 : 만원) 단수 개인단 부부단 비고 4, 5단 350만원 630..."
32,"(재)호정공원(묘지)",유교,관리비,")","330만원",3300000,테이블정가,") -명패비 (개인3만원, 부부5만원) • 관리비 5년 단위 부과(선납) 3, 6단 330..."
32,"(재)호정공원(묘지)",유교,관리비,"(개인3만원, 부부5만원)","590만원",5900000,테이블정가,"(개인3만원, 부부5만원) • 관리비 5년 단위 부과(선납) 3, 6단 330만원 590만..."
32,"(재)호정공원(묘지)",유교,봉안당,"관리비 5년 단위 부과(선납","530만원",5300000,테이블정가,"관리비 5년 단위 부과(선납) 3, 6단 330만원 590만원 2, 7단 290만원 530..."
32,"(재)호정공원(묘지)",유교,봉안당,"납)","410만원",4100000,테이블정가,"납) 3, 6단 330만원 590만원 2, 7단 290만원 530만원 1단 230만원 41..."
33,"(주)광림공원 동산공원묘원(묘지)",유교,-,정보 없음,-,0,-,텍스트 없음
34,"삼척시추모공원 묘지 제1단지",일반/무교,-,정보 없음,-,0,-,텍스트 없음
35,"(재)동산공원묘원",유교,-,정보 없음,-,0,-,텍스트 없음
37,"(재)지평선전북공원묘원(묘지)",일반/무교,-,정보 없음,-,0,-,텍스트 없음
38,"(재)진달래문화재단",유교,-,정보 없음,-,0,-,텍스트 없음
39,"(재)석계공원묘원",일반/무교,-,정보 없음,-,0,-,텍스트 없음
40,"영락공원묘원",유교,기타,"ome › 영락공원소개 ›","170만원",1700000,테이블정가,"ome › 영락공원소개 › 영락공원소개 영락공원 안내 위치 : 광주광역시 북구 영락공원로 ..."
40,"영락공원묘원",유교,기타,"공원소개 › 영락공원소개","100만원",1000000,테이블정가,"공원소개 › 영락공원소개 영락공원 안내 위치 : 광주광역시 북구 영락공원로 170(효령동 ..."
40,"영락공원묘원",유교,기타,"개","362만원",3620000,테이블정가,"개 영락공원 안내 위치 : 광주광역시 북구 영락공원로 170(효령동 100-2) 부지 : ..."
40,"영락공원묘원",유교,기타,"광주광역시 북구 영락공원로","214만원",2140000,테이블정가,"광주광역시 북구 영락공원로 170(효령동 100-2) 부지 : 362,060㎡ (1단계 2..."
40,"영락공원묘원",유교,봉안당,"로 170(효령동 100-2","148만원",1480000,테이블정가,"로 170(효령동 100-2) 부지 : 362,060㎡ (1단계 214,060㎡, 2단계 ..."
40,"영락공원묘원",유교,봉안당,"362,060㎡ (1단계 2","830만원",8300000,테이블정가,"362,060㎡ (1단계 214,060㎡, 2단계 148,000㎡) 건물 : 승화원(1,8..."
40,"영락공원묘원",유교,봉안당,"계 214,060㎡, 2단계","539만원",5390000,테이블정가,"계 214,060㎡, 2단계 148,000㎡) 건물 : 승화원(1,830㎡), 관리동(1,..."
40,"영락공원묘원",유교,봉안당,"승화원(1,830㎡), 관리","553만원",5530000,테이블정가,"승화원(1,830㎡), 관리동(1,539㎡), 제1추모관(1,054㎡), 제2추모관(1,5..."
40,"영락공원묘원",유교,기타,"피숍	분향실	화장실	파고라","755만원",7550000,테이블정가,"피숍 분향실 화장실 파고라 흡연실 주차면수 비고 소 계 1 11 14(야외10) 28 1 ..."
40,"영락공원묘원",유교,묘지,"수업무","363만원",3630000,테이블정가,"수업무 · 승화원 운영 및 매장묘지조성 · 봉안안치 및 반출업무 - 매장 및 봉안운영 : ..."
40,"영락공원묘원",유교,기타,"근거","2017만원",20170000,테이블정가,"근거 - 광주광역시 장사 등에 관한 조례 제8조 장사시설 이용현황 (단위 : 건) 구 분 ..."
40,"영락공원묘원",유교,기타,"역시 장사 등에 관한 조례","2018만원",20180000,테이블정가,"역시 장사 등에 관한 조례 제8조 장사시설 이용현황 (단위 : 건) 구 분 2017년까지 ..."
40,"영락공원묘원",유교,기타,"등에 관한 조례 제8조","2019만원",20190000,테이블정가,"등에 관한 조례 제8조 장사시설 이용현황 (단위 : 건) 구 분 2017년까지 2018 2..."
40,"영락공원묘원",유교,기타,"한 조례 제8조","2020만원",20200000,테이블정가,"한 조례 제8조 장사시설 이용현황 (단위 : 건) 구 분 2017년까지 2018 2019 ..."
40,"영락공원묘원",유교,기타,"제8조","2021만원",20210000,테이블정가,"제8조 장사시설 이용현황 (단위 : 건) 구 분 2017년까지 2018 2019 2020 ..."
40,"영락공원묘원",유교,기타,"단위 : 건)","488만원",4880000,테이블정가,"단위 : 건) 구 분 2017년까지 2018 2019 2020 2021.09 매 장 14,..."
40,"영락공원묘원",유교,기타,"건)","276만원",2760000,테이블정가,"건) 구 분 2017년까지 2018 2019 2020 2021.09 매 장 14,488 2..."
40,"영락공원묘원",유교,기타,"구 분	2017년까지	201","163만원",1630000,테이블정가,"구 분 2017년까지 2018 2019 2020 2021.09 매 장 14,488 276 ..."
40,"영락공원묘원",유교,기타,"18	2019	2020	20","135만원",1350000,테이블정가,"18 2019 2020 2021.09 매 장 14,488 276 163 만장 만장 화 장 ..."
40,"영락공원묘원",유교,기타,"019	2020	2021.0","168만원",1680000,테이블정가,"019 2020 2021.09 매 장 14,488 276 163 만장 만장 화 장 135,..."
40,"영락공원묘원",유교,기타,"09","730만원",7300000,테이블정가,"09 매 장 14,488 276 163 만장 만장 화 장 135,168 12,009 11,..."
40,"영락공원묘원",유교,자연장,"14,488	276	163","888만원",8880000,테이블정가,"14,488 276 163 만장 만장 화 장 135,168 12,009 11,730 15,..."
40,"영락공원묘원",유교,자연장,"276	163	만장	만장","624만원",6240000,테이블정가,"276 163 만장 만장 화 장 135,168 12,009 11,730 15,888 8,6..."
40,"영락공원묘원",유교,자연장,"만장","660만원",6600000,테이블정가,"만장 화 장 135,168 12,009 11,730 15,888 8,624 봉 안 38,6..."
40,"영락공원묘원",유교,자연장,"장	135,168	12,00","242만원",2420000,테이블정가,"장 135,168 12,009 11,730 15,888 8,624 봉 안 38,660 3,..."
40,"영락공원묘원",유교,자연장,"168	12,009	11,7","386만원",3860000,테이블정가,"168 12,009 11,730 15,888 8,624 봉 안 38,660 3,242 3,..."
40,"영락공원묘원",유교,자연장,"1,730	15,888	8,","645만원",6450000,테이블정가,"1,730 15,888 8,624 봉 안 38,660 3,242 3,386 3,004 2,..."
40,"영락공원묘원",유교,자연장,"88	8,624","297만원",2970000,테이블정가,"88 8,624 봉 안 38,660 3,242 3,386 3,004 2,645 자연장 3,..."
40,"영락공원묘원",유교,자연장,",624","578만원",5780000,테이블정가,",624 봉 안 38,660 3,242 3,386 3,004 2,645 자연장 3,297 ..."
40,"영락공원묘원",유교,자연장,"봉 안	38,660	3,24","818만원",8180000,테이블정가,"봉 안 38,660 3,242 3,386 3,004 2,645 자연장 3,297 578 8..."
40,"영락공원묘원",유교,자연장,"8,660	3,242	3,3","267만원",2670000,테이블정가,"8,660 3,242 3,386 3,004 2,645 자연장 3,297 578 818 4,..."
40,"영락공원묘원",유교,자연장,"3,242	3,386	3,0","750만원",7500000,테이블정가,"3,242 3,386 3,004 2,645 자연장 3,297 578 818 4,267 1,..."
40,"영락공원묘원",유교,봉안당,". 15 개정》 (단위 :","320만원",3200000,테이블정가,". 15 개정》 (단위 : 원) 구 분 이용 요금 기간 비고 관 내 전 남 타시도 추모관 ..."
40,"영락공원묘원",유교,봉안당,"(단위 : 원)","640만원",6400000,테이블정가,"(단위 : 원) 구 분 이용 요금 기간 비고 관 내 전 남 타시도 추모관 320,000 6..."
40,"영락공원묘원",유교,봉안당,")","940만원",9400000,테이블정가,") 구 분 이용 요금 기간 비고 관 내 전 남 타시도 추모관 320,000 640,000 ..."
40,"영락공원묘원",유교,봉안당,"시도","348만원",3480000,테이블정가,"시도 추모관 320,000 640,000 940,000 15년 45년까지 연장가능 자연장 ..."
40,"영락공원묘원",유교,자연장,"연장가능","110만원",1100000,테이블정가,"연장가능 자연장 348,000 348,000 348,000 45년 연장 불가 매 장 3,1..."
40,"영락공원묘원",유교,기타,"00	이용불가	이용불가	30","555만원",5550000,테이블정가,"00 이용불가 이용불가 30년 현재 만장 15년단위 1회 연장가능 (1회 연장비용 : 1,..."
40,"영락공원묘원",유교,기타,"년	현재 만장","233만원",2330000,테이블정가,"년 현재 만장 15년단위 1회 연장가능 (1회 연장비용 : 1,555,000) 평 장 1,..."
40,"영락공원묘원",유교,기타,"승화원","540만원",5400000,테이블정가,"승화원 (단위 : 원) 구 분 이용 요금 비 고 관 내 전 남 타시도 대 인 90,000 ..."
40,"영락공원묘원",유교,기타,": 원)","900만원",9000000,테이블정가,": 원) 구 분 이용 요금 비 고 관 내 전 남 타시도 대 인 90,000 540,000 ..."
40,"영락공원묘원",유교,기타,"인	90,000	540,00","410만원",4100000,테이블정가,"인 90,000 540,000 900,000 대인 (만 15세 이상) 소 인 60,000 ..."
40,"영락공원묘원",유교,기타,"540,000	900,000","800만원",8000000,테이블정가,"540,000 900,000 대인 (만 15세 이상) 소 인 60,000 410,000 8..."
40,"영락공원묘원",유교,기타,",000	410,000	80","250만원",2500000,테이블정가,",000 410,000 800,000 소인 (15세 미만, 사산아) 개장유골 23,000 ..."
40,"영락공원묘원",유교,기타,",000	800,000	소인","340만원",3400000,테이블정가,",000 800,000 소인 (15세 미만, 사산아) 개장유골 23,000 250,000 ..."
40,"영락공원묘원",유교,봉안당,"관","572만원",5720000,테이블정가,"관 찾아오시는길 광주광역시 북구 영락공원로 170(효령동 100-2) | Fax. 062-..."
40,"영락공원묘원",유교,봉안당,"오시는길","1702만원",17020000,테이블정가,"오시는길 광주광역시 북구 영락공원로 170(효령동 100-2) | Fax. 062-572-..."
40,"영락공원묘원",유교,봉안당,"100-2) | Fax. 0","4384만원",43840000,테이블정가,"100-2) | Fax. 062-572-1702 ｜ Tel. 접수 및 상담 062-572-..."
40,"영락공원묘원",유교,봉안당,") | Fax. 062-57","4385만원",43850000,테이블정가,") | Fax. 062-572-1702 ｜ Tel. 접수 및 상담 062-572-4384~..."
40,"영락공원묘원",유교,묘지,"02 ｜ Tel. 접수 및","4388만원",43880000,테이블정가,"02 ｜ Tel. 접수 및 상담 062-572-4384~4385 제1추모관 062-572-..."
40,"영락공원묘원",유교,묘지,"2-572-4384~4385","4386만원",43860000,테이블정가,"2-572-4384~4385 제1추모관 062-572-4388 ｜제2추모관 062-572-..."
40,"영락공원묘원",유교,묘지,"062-572-4388 ｜제","4387만원",43870000,테이블정가,"062-572-4388 ｜제2추모관 062-572-4386｜승화원(제어실) 062-572-..."
40,"영락공원묘원",유교,묘지,"모관 062-572-4386","266만원",2660000,테이블정가,"모관 062-572-4386｜승화원(제어실) 062-572-4387 ｜망월묘지공원 062-..."
40,"영락공원묘원",유교,묘지,"62-572-4386｜승화원","8170만원",81700000,테이블정가,"62-572-4386｜승화원(제어실) 062-572-4387 ｜망월묘지공원 062-266-..."
40,"영락공원묘원",유교,묘지,"2-572-4387 ｜망월묘","1701만원",17010000,테이블정가,"2-572-4387 ｜망월묘지공원 062-266-8170 ｜ 영락공원사무실 062-572-..."
40,"영락공원묘원",유교,기타,"62-266-8170 ｜ 영","2012만원",20120000,테이블정가,"62-266-8170 ｜ 영락공원사무실 062-572-1701 copyrights (c) ..."
42,"별그리다(THE HILL)",일반/무교,관리비,"구분	종류	비고","500만원",5000000,분양가,"구분 종류 비고 전용면적 10m2(단장형) 관리비,작업비는 별도입니다. 토지사용료 계약금 ..."
42,"별그리다(THE HILL)",일반/무교,묘지,".","540만원",5400000,분양가,". 토지사용료 계약금 500만원 잔 금 500만원 소 계 1,000만원 석물설치공사비 1,..."
42,"별그리다(THE HILL)",일반/무교,기타,"3m2	5.0m2	10m2(","750만원",7500000,분양가,"3m2 5.0m2 10m2(단장형) 15m2(합장형) 토지사용료 계약금 - - 500만원 ..."
42,"별그리다(THE HILL)",일반/무교,기타,"잔 금	500만원	750만원","980만원",9800000,분양가,"잔 금 500만원 750만원 소 계 1,000만원 1,500만원 석물설치공사비 - - 1,..."
42,"별그리다(THE HILL)",일반/무교,기타,"750만원","630만원",6300000,분양가,"750만원 소 계 1,000만원 1,500만원 석물설치공사비 - - 1,980만원~ 3,6..."
42,"별그리다(THE HILL)",일반/무교,기타,"1,000만원	1,500만원","350만원",3500000,분양가,"1,000만원 1,500만원 석물설치공사비 - - 1,980만원~ 3,630만원~ 계 1,..."
42,"별그리다(THE HILL)",일반/무교,기타,"80만원~	3,630만원~","130만원",1300000,분양가,"80만원~ 3,630만원~ 계 1,350만원 1,690~2,020만원 2,980만원~ 5,..."
42,"별그리다(THE HILL)",일반/무교,기타,"용면적	3.3m2	5.0m2","300만원",3000000,분양가,"용면적 3.3m2 5.0m2 10m2(단장형) 15m2(합장형) 토지사용료 계약금 - - ..."
42,"별그리다(THE HILL)",일반/무교,기타,"m2	5.0m2	10m2(단","450만원",4500000,분양가,"m2 5.0m2 10m2(단장형) 15m2(합장형) 토지사용료 계약금 - - 300만원~ ..."
42,"별그리다(THE HILL)",일반/무교,기타,"10m2(단장형)	15m2(","470만원",4700000,분양가,"10m2(단장형) 15m2(합장형) 토지사용료 계약금 - - 300만원~ 450만원 잔금 ..."
42,"별그리다(THE HILL)",일반/무교,기타,"형)	15m2(합장형)","705만원",7050000,분양가,"형) 15m2(합장형) 토지사용료 계약금 - - 300만원~ 450만원 잔금 470만원~ ..."
42,"별그리다(THE HILL)",일반/무교,기타,"장형)","770만원",7700000,분양가,"장형) 토지사용료 계약금 - - 300만원~ 450만원 잔금 470만원~ 705만원 소계 ..."
42,"별그리다(THE HILL)",일반/무교,기타,"계약금	-	-	300만원~","155만원",1550000,분양가,"계약금 - - 300만원~ 450만원 잔금 470만원~ 705만원 소계 770만원~ 1,1..."
42,"별그리다(THE HILL)",일반/무교,기타,"770만원~	1,155만원","250만원",2500000,분양가,"770만원~ 1,155만원 석물설치공사비 - - 1,540만원~ 1,980만원~ 계 1,2..."
42,"별그리다(THE HILL)",일반/무교,기타,"설치공사비	-	-	1,540","100만원",1000000,분양가,"설치공사비 - - 1,540만원~ 1,980만원~ 계 1,250만원 1,540만원~ 23,..."
44,"(재)한남공원묘원",일반/무교,-,정보 없음,-,0,-,텍스트 없음
46,"동화경모공원(묘지)",유교,기타,"0-0555","260만원",2600000,분양가,"0-0555 운영시간 : am 9:00 ~ pm 16:00 분양가 단 개인단 부부단 7단 ..."
46,"동화경모공원(묘지)",유교,기타,"운영시간 : am 9:00","490만원",4900000,분양가,"운영시간 : am 9:00 ~ pm 16:00 분양가 단 개인단 부부단 7단 260만원 4..."
46,"동화경모공원(묘지)",유교,기타,":00 ~ pm 16:00","290만원",2900000,분양가,":00 ~ pm 16:00 분양가 단 개인단 부부단 7단 260만원 490만원 6단 5단 ..."
46,"동화경모공원(묘지)",유교,기타,"pm 16:00","550만원",5500000,분양가,"pm 16:00 분양가 단 개인단 부부단 7단 260만원 490만원 6단 5단 290만원 ..."
46,"동화경모공원(묘지)",유교,기타,"개인단	부부단","230만원",2300000,분양가,"개인단 부부단 7단 260만원 490만원 6단 5단 290만원 550만원 4단 3단 2단 ..."
46,"동화경모공원(묘지)",유교,기타,"단","430만원",4300000,분양가,"단 7단 260만원 490만원 6단 5단 290만원 550만원 4단 3단 2단 230만원 ..."
46,"동화경모공원(묘지)",유교,봉안당,"후 60년 (단 장사 등에","180만원",1800000,분양가,"후 60년 (단 장사 등에 관한 법률 개정 시 이에 따름) 분양금 - 하(1,2단) : 1..."
46,"동화경모공원(묘지)",유교,봉안당,"률 개정 시 이에 따름)","220만원",2200000,분양가,"률 개정 시 이에 따름) 분양금 - 하(1,2단) : 180만원 - 중(3,4,5단) : ..."
46,"동화경모공원(묘지)",유교,봉안당,"- 하(1,2단) : 180","200만원",2000000,분양가,"- 하(1,2단) : 180만원 - 중(3,4,5단) : 220만원 - 상(6,7단) : ..."
47,"양양군공설묘원",일반/무교,기타,"세무회계과	1천만원이상 공사","500만원",5000000,분양가,"세무회계과 1천만원이상 공사, 용역, 물품 발주계획 수시 수시 홈페이지 공개 세무회계과 5..."
50,"광주공원묘원",일반/무교,-,정보 없음,-,0,-,텍스트 없음
51,"영모묘원",불교,묘지,"대원전 2층에 모실 경우에만","600만원",6000000,테이블정가,"대원전 2층에 모실 경우에만 작성) 입묘(봉안) 및 관리비 묘지의 경우 10년 관리비 60..."
51,"영모묘원",불교,묘지,"작성)","700만원",7000000,테이블정가,"작성) 입묘(봉안) 및 관리비 묘지의 경우 10년 관리비 600,000원 입묘 인건비 70..."
51,"영모묘원",불교,묘지,") 및 관리비","500만원",5000000,테이블정가,") 및 관리비 묘지의 경우 10년 관리비 600,000원 입묘 인건비 700,000원(화장..."
51,"영모묘원",불교,관리비,"관리비	600,000원","200만원",2000000,테이블정가,"관리비 600,000원 입묘 인건비 700,000원(화장500,000원) 석 관(선택) 2..."
51,"영모묘원",불교,봉안당,"000원(화장500,000원","250만원",2500000,테이블정가,"000원(화장500,000원) 석 관(선택) 200,000원 비석 200,000원(합장비석..."
51,"영모묘원",불교,기타,"안에 설치됩니다.","835만원",8350000,테이블정가,"안에 설치됩니다. 식사 영모묘원 주변 단체식사 가능 한 식당 안내합니다. 전원가든 063)..."
51,"영모묘원",불교,기타,"치됩니다.","0150만원",1500000,테이블정가,"치됩니다. 식사 영모묘원 주변 단체식사 가능 한 식당 안내합니다. 전원가든 063)835-..."
51,"영모묘원",불교,기타,"주변 단체식사 가능 한 식당","834만원",8340000,테이블정가,"주변 단체식사 가능 한 식당 안내합니다. 전원가든 063)835-0150 사은가든 063)..."
51,"영모묘원",불교,기타,"체식사 가능 한 식당 안내합","4044만원",40440000,테이블정가,"체식사 가능 한 식당 안내합니다. 전원가든 063)835-0150 사은가든 063)834-..."
51,"영모묘원",불교,기타,"전원가든 063)835-01","9292만원",92920000,테이블정가,"전원가든 063)835-0150 사은가든 063)834-4044 숲속애소 063)835-9..."
51,"영모묘원",불교,기타,"835-0150 사은가든 0","2024만원",20240000,테이블정가,"835-0150 사은가든 063)834-4044 숲속애소 063)835-9292 공지사항 ..."
51,"영모묘원",불교,기타,"동특별천도재 안내드립니다","2023만원",20230000,테이블정가,"동특별천도재 안내드립니다 04-04 홈페이지 개편과정에 대한 사과말씀 올립니다 11-19 ..."
51,"영모묘원",불교,기타,"정에 대한 사과말씀 올립니다","2022만원",20220000,테이블정가,"정에 대한 사과말씀 올립니다 11-19 2023년 영모묘원 합동특별천도재 알림 10-27 ..."
51,"영모묘원",불교,기타,"22년 추석날(음8.15)","107만원",1070000,테이블정가,"22년 추석날(음8.15) 선조 및 가족 향례 예정 10-27 영모묘원 추석 합동향례 원기..."
51,"영모묘원",불교,봉안당,"원기107년9월5일","2025만원",20250000,테이블정가,"원기107년9월5일 10-27 원기107년(2022년) 영모묘원 합동 천도재 10-27 2..."
51,"영모묘원",불교,봉안당,"묘원 합동특별천도재 안내드립","836만원",8360000,테이블정가,"묘원 합동특별천도재 안내드립니다 03-28 봉안에 대해 지금 바로 문의하세요~ 063-83..."
51,"영모묘원",불교,봉안당,"동특별천도재 안내드립니다","4311만원",43110000,테이블정가,"동특별천도재 안내드립니다 03-28 봉안에 대해 지금 바로 문의하세요~ 063-836-43..."
51,"영모묘원",불교,기타,"063-836-4311","173만원",1730000,테이블정가,"063-836-4311 (재)영모묘원 주소 : [54575] 전북 익산시 왕궁면 호반로 1..."
51,"영모묘원",불교,기타,"5(왕궁면 동봉리) 전화 :","403만원",4030000,테이블정가,"5(왕궁면 동봉리) 전화 : 063-836-4311 운영자 : 박두용 사업자 등록번호 : ..."
52,"칠량자연공원묘원",일반/무교,-,정보 없음,-,0,-,텍스트 없음
53,"(재)봉황공원묘지",일반/무교,-,정보 없음,-,0,-,텍스트 없음
54,"(재)우성공원묘원",일반/무교,-,정보 없음,-,0,-,텍스트 없음
56,"(재)용인공원(묘지)",일반/무교,기타,"묘를 개장한 후, 정성스럽고","150만원",1500000,분양가,"묘를 개장한 후, 정성스럽고 세심하게 유골을 수습하여 가족에게 인계해 드립니다. 이장비 1..."
56,"(재)용인공원(묘지)",일반/무교,기타,"과 그리움을 담은 글귀를 포","200만원",2000000,분양가,"과 그리움을 담은 글귀를 포토 각인 추모조형물에 담아 제작해 드리는 서비스입니다. 컬러 2..."
57,"함안군공설추모공원",유교,-,정보 없음,-,0,-,텍스트 없음
58,"(재)경주공원묘원",기독교,-,정보 없음,-,0,-,텍스트 없음
59,"남한강공원묘원",일반/무교,-,정보 없음,-,0,-,텍스트 없음
60,"(재)조양공원",기독교,-,정보 없음,-,0,-,텍스트 없음